path,url,clicks_12m,impressies,ctr,positie,ga_sessies,ga_conversies,tier,notitie
zangles,https://onlinemuziekcursus.nl/zangles/,590,48060,1.23%,10.2,4247,15,A,quick-win
ukelele-les,https://onlinemuziekcursus.nl/ukelele-les/,488,22388,2.18%,13.2,2171,6,A,quick-win
muziektheorie,https://onlinemuziekcursus.nl/muziektheorie/,352,6412,5.49%,7.9,681,4,A,quick-win
simpele-popliedjes-om-je-zang-mee-te-oefenen,https://onlinemuziekcursus.nl/simpele-popliedjes-om-je-zang-mee-te-oefenen/,329,21058,1.56%,9.7,201,0,A,quick-win
basgitaarles,https://onlinemuziekcursus.nl/basgitaarles/,278,27261,1.02%,10.2,1052,21,A,quick-win
stembereik-voor-zangers,https://onlinemuziekcursus.nl/stembereik-voor-zangers/,204,18364,1.11%,7.7,323,0,A,quick-win
boventonen-leren-zingen,https://onlinemuziekcursus.nl/boventonen-leren-zingen/,202,9538,2.12%,8.2,423,0,A,quick-win
online-piano-leren-spelen,https://onlinemuziekcursus.nl/online-piano-leren-spelen/,183,21601,0.85%,14.6,200,0,A,quick-win
dirigeren,https://onlinemuziekcursus.nl/dirigeren/,182,3081,5.91%,5.9,291,6,A,
drumles,https://onlinemuziekcursus.nl/drumles/,178,24998,0.71%,15.5,2427,4,A,
gitaarakkoorden-leren-spelen/cm-akkoord-gitaar-c-mineur,https://onlinemuziekcursus.nl/gitaarakkoorden-leren-spelen/cm-akkoord-gitaar-c-mineur/,160,15104,1.06%,4.4,276,0,A,
noten-en-akkoorden-op-de-gitaar,https://onlinemuziekcursus.nl/noten-en-akkoorden-op-de-gitaar/,151,29841,0.51%,11.8,368,0,A,quick-win
bladmuziek-voor-drummers,https://onlinemuziekcursus.nl/bladmuziek-voor-drummers/,114,12563,0.91%,7.0,225,0,A,quick-win
gitaar-en-aanbidding,https://onlinemuziekcursus.nl/gitaar-en-aanbidding/,105,3568,2.94%,28.2,194,0,A,
pianoles,https://onlinemuziekcursus.nl/pianoles/,101,31456,0.32%,19.1,5247,3,A,
intervallen-majeur-en-mineur,https://onlinemuziekcursus.nl/intervallen-majeur-en-mineur/,101,11893,0.85%,8.4,222,0,A,quick-win
drumstokken,https://onlinemuziekcursus.nl/drumstokken/,100,10177,0.98%,13.3,119,0,A,quick-win
solfege-gehoortraining,https://onlinemuziekcursus.nl/solfege-gehoortraining/,85,2147,3.96%,10.1,206,2,B,
online-gitaar-leren-spelen,https://onlinemuziekcursus.nl/online-gitaar-leren-spelen/,75,17760,0.42%,19.3,96,0,B,
author/johan-koelewijn,https://onlinemuziekcursus.nl/author/johan-koelewijn/,69,691,9.99%,5.3,109,0,B,merk-traffic behouden (evt. 301 -> /over-ons/)
flageoletten-spelen-op-de-gitaar,https://onlinemuziekcursus.nl/flageoletten-spelen-op-de-gitaar/,57,3078,1.85%,5.9,73,0,B,
gitaarakkoorden-leren-spelen/bm-akkoord-gitaar-b-mineur,https://onlinemuziekcursus.nl/gitaarakkoorden-leren-spelen/bm-akkoord-gitaar-b-mineur/,56,18877,0.3%,7.3,103,0,B,quick-win
simpele-popliedjes-om-op-de-piano-mee-te-spelen,https://onlinemuziekcursus.nl/simpele-popliedjes-om-op-de-piano-mee-te-spelen/,52,5840,0.89%,22.2,44,0,B,
gitaarakkoorden-leren-spelen/c-akkoord-gitaar,https://onlinemuziekcursus.nl/gitaarakkoorden-leren-spelen/c-akkoord-gitaar/,50,19137,0.26%,7.1,80,0,B,quick-win
keyboard-op-de-computer-spelen,https://onlinemuziekcursus.nl/keyboard-op-de-computer-spelen/,49,7468,0.66%,22.1,137,0,B,
zorg-goed-voor-je-stembanden-met-de-tips,https://onlinemuziekcursus.nl/zorg-goed-voor-je-stembanden-met-de-tips/,49,4738,1.03%,9.9,48,0,B,
online-pianoles-voor-beginners,https://onlinemuziekcursus.nl/online-pianoles-voor-beginners/,48,10236,0.47%,27.5,58,0,B,
gitaarakkoorden-leren-spelen/a-akkoord-gitaar,https://onlinemuziekcursus.nl/gitaarakkoorden-leren-spelen/a-akkoord-gitaar/,44,16901,0.26%,7.7,498,0,B,quick-win
gitaar-stemmen,https://onlinemuziekcursus.nl/gitaar-stemmen/,44,5206,0.85%,21.7,49,0,B,
over-ons,https://onlinemuziekcursus.nl/over-ons/,43,2595,1.66%,9.1,148,0,B,
piano-leren-spelen-op-keyboard,https://onlinemuziekcursus.nl/piano-leren-spelen-op-keyboard/,41,18613,0.22%,25.1,79,0,B,
gitaarakkoorden-leren-spelen/a7-akkoord-gitaar,https://onlinemuziekcursus.nl/gitaarakkoorden-leren-spelen/a7-akkoord-gitaar/,41,7230,0.57%,4.2,65,0,B,
gitaarakkoorden-leren-spelen/fm-akkoord-gitaar-f-mineur,https://onlinemuziekcursus.nl/gitaarakkoorden-leren-spelen/fm-akkoord-gitaar-f-mineur/,41,10708,0.38%,7.3,56,0,B,quick-win
lax-vox-methode-voor-zangers,https://onlinemuziekcursus.nl/lax-vox-methode-voor-zangers/,40,9553,0.42%,15.4,90,0,B,
gitaarakkoorden-leren-spelen/dm-akkoord-gitaar-d-mineur,https://onlinemuziekcursus.nl/gitaarakkoorden-leren-spelen/dm-akkoord-gitaar-d-mineur/,40,15363,0.26%,5.7,70,0,B,quick-win
gitaarles,https://onlinemuziekcursus.nl/gitaarles/,37,15542,0.24%,25.0,4953,16,A,
strumming-patterns-voor-gitaristen,https://onlinemuziekcursus.nl/strumming-patterns-voor-gitaristen/,37,2601,1.42%,5.9,77,0,B,
elektrische-gitaar-leren-spelen,https://onlinemuziekcursus.nl/elektrische-gitaar-leren-spelen/,36,10628,0.34%,35.8,60,0,B,
onderhoud-van-je-piano,https://onlinemuziekcursus.nl/onderhoud-van-je-piano/,36,2968,1.21%,19.3,21,0,B,
gitaarakkoorden-leren-spelen/g-akkoord-gitaar,https://onlinemuziekcursus.nl/gitaarakkoorden-leren-spelen/g-akkoord-gitaar/,35,16280,0.21%,6.3,79,0,B,quick-win
noten-leren-lezen,https://onlinemuziekcursus.nl/noten-leren-lezen/,34,4252,0.8%,33.1,789,0,B,
cursussen,https://onlinemuziekcursus.nl/cursussen/,30,4524,0.66%,20.1,278,6,A,
gitaarakkoorden-leren-spelen/em-akkoord-gitaar-e-mineur,https://onlinemuziekcursus.nl/gitaarakkoorden-leren-spelen/em-akkoord-gitaar-e-mineur/,30,13778,0.22%,8.1,63,0,B,quick-win
muziekles-online,https://onlinemuziekcursus.nl/muziekles-online/,30,4149,0.72%,24.3,32,0,B,
in-het-ritme-leren-spelen-voor-pianisten,https://onlinemuziekcursus.nl/in-het-ritme-leren-spelen-voor-pianisten/,29,7960,0.36%,10.2,134,0,B,quick-win
gitaarakkoorden-leren-spelen/e7-akkoord-gitaar,https://onlinemuziekcursus.nl/gitaarakkoorden-leren-spelen/e7-akkoord-gitaar/,28,6281,0.45%,7.2,40,0,B,quick-win
gitaarakkoorden-leren-spelen/g7-akkoord-gitaar,https://onlinemuziekcursus.nl/gitaarakkoorden-leren-spelen/g7-akkoord-gitaar/,27,8029,0.34%,5.4,56,0,B,quick-win
gitaarakkoorden-leren-spelen/d-akkoord-gitaar,https://onlinemuziekcursus.nl/gitaarakkoorden-leren-spelen/d-akkoord-gitaar/,22,15284,0.14%,6.8,55,0,B,quick-win
gitaarakkoorden-leren-spelen/c7-akkoord-gitaar,https://onlinemuziekcursus.nl/gitaarakkoorden-leren-spelen/c7-akkoord-gitaar/,22,7831,0.28%,7.5,38,0,B,quick-win
gitaarakkoorden-leren-spelen/d7-akkoord-gitaar,https://onlinemuziekcursus.nl/gitaarakkoorden-leren-spelen/d7-akkoord-gitaar/,22,8462,0.26%,5.8,35,0,B,quick-win
gitaarakkoorden-leren-spelen/am-akkoord-gitaar-a-mineur,https://onlinemuziekcursus.nl/gitaarakkoorden-leren-spelen/am-akkoord-gitaar-a-mineur/,21,15820,0.13%,7.3,52,0,B,quick-win
gitaarakkoorden-leren-spelen/am7-akkoord-gitaar,https://onlinemuziekcursus.nl/gitaarakkoorden-leren-spelen/am7-akkoord-gitaar/,21,3663,0.57%,4.4,40,0,B,
gitaarakkoorden-leren-spelen/b7-akkoord-gitaar,https://onlinemuziekcursus.nl/gitaarakkoorden-leren-spelen/b7-akkoord-gitaar/,21,7150,0.29%,9.9,39,0,B,quick-win
inzing-oefeningen,https://onlinemuziekcursus.nl/inzing-oefeningen/,20,905,2.21%,9.6,45,0,B,
gitaarsteun-kan-handig-zijn-om-te-hebben,https://onlinemuziekcursus.nl/gitaarsteun-kan-handig-zijn-om-te-hebben/,20,1792,1.12%,8.2,32,0,B,
author/boris-vreeswijk,https://onlinemuziekcursus.nl/author/boris-vreeswijk/,19,291,6.53%,6.1,25,0,C,"GEEN echte auteur (alleen editor) - opruimen, 301 -> home/over-ons"
gitaarakkoorden-leren-spelen/gm-akkoord-gitaar-g-mineur,https://onlinemuziekcursus.nl/gitaarakkoorden-leren-spelen/gm-akkoord-gitaar-g-mineur/,18,9098,0.2%,7.8,41,0,B,quick-win
leren-zingen-11-stappen,https://onlinemuziekcursus.nl/leren-zingen-11-stappen/,15,3845,0.39%,31.1,39,0,C,
gitaarakkoorden-leren-spelen/f7-akkoord-gitaar,https://onlinemuziekcursus.nl/gitaarakkoorden-leren-spelen/f7-akkoord-gitaar/,15,3768,0.4%,5.5,28,0,B,
compositie-songwriting,https://onlinemuziekcursus.nl/compositie-songwriting/,14,624,2.24%,27.5,80,0,C,
gitaarakkoorden-leren-spelen/e-akkoord-gitaar,https://onlinemuziekcursus.nl/gitaarakkoorden-leren-spelen/e-akkoord-gitaar/,14,11785,0.12%,9.5,39,0,B,quick-win
gitaarakkoorden-leren-spelen/em7-akkoord-gitaar,https://onlinemuziekcursus.nl/gitaarakkoorden-leren-spelen/em7-akkoord-gitaar/,13,2933,0.44%,9.5,24,0,C,
online-pianolessen,https://onlinemuziekcursus.nl/online-pianolessen/,12,4952,0.24%,38.7,28,0,C,
componisten-voor-beginners,https://onlinemuziekcursus.nl/componisten-voor-beginners/,12,417,2.88%,12.6,13,0,C,
drumstel,https://onlinemuziekcursus.nl/drumstel/,11,436,2.52%,41.6,30,0,C,
hoe-maak-je-je-piano-schoon,https://onlinemuziekcursus.nl/hoe-maak-je-je-piano-schoon/,11,1361,0.81%,11.4,20,0,C,
akoestische-elektrische-gitaar-spelen,https://onlinemuziekcursus.nl/akoestische-elektrische-gitaar-spelen/,9,16226,0.06%,24.9,61,0,C,
tips-om-gitaarschade-te-voorkomen,https://onlinemuziekcursus.nl/tips-om-gitaarschade-te-voorkomen/,9,517,1.74%,11.4,20,0,C,
adem-en-ademvocaalruimtes-voor-zangers,https://onlinemuziekcursus.nl/adem-en-ademvocaalruimtes-voor-zangers/,9,611,1.47%,13.0,15,0,C,
gigbag-of-koffer-onmisbaar-als-je-op-stap-gaat,https://onlinemuziekcursus.nl/gigbag-of-koffer-onmisbaar-als-je-op-stap-gaat/,8,2056,0.39%,13.8,31,0,C,
wat-is-een-piano,https://onlinemuziekcursus.nl/wat-is-een-piano/,8,3553,0.23%,13.1,31,0,B,
een-stemapparaatje-een-onmisbaar-hulpmiddel,https://onlinemuziekcursus.nl/een-stemapparaatje-een-onmisbaar-hulpmiddel/,7,2168,0.32%,20.6,38,0,C,
gitaarelement,https://onlinemuziekcursus.nl/gitaarelement/,7,1976,0.35%,11.2,30,0,C,
gitaarakkoorden-leren-spelen/fm7-akkoord,https://onlinemuziekcursus.nl/gitaarakkoorden-leren-spelen/fm7-akkoord/,7,1143,0.61%,8.0,20,0,C,
contact,https://onlinemuziekcursus.nl/contact/,6,632,0.95%,8.8,201,0,C,
leren-tokkelen,https://onlinemuziekcursus.nl/leren-tokkelen/,6,849,0.71%,22.9,63,0,C,
voordelen-online-muziekcursus-beginners,https://onlinemuziekcursus.nl/voordelen-online-muziekcursus-beginners/,6,405,1.48%,20.6,39,0,C,
de-dos-en-donts-bij-het-leren-piano-spelen,https://onlinemuziekcursus.nl/de-dos-en-donts-bij-het-leren-piano-spelen/,6,776,0.77%,56.5,16,0,C,
gitaarakkoorden-leren-spelen/bm7-akkoord-gitaar,https://onlinemuziekcursus.nl/gitaarakkoorden-leren-spelen/bm7-akkoord-gitaar/,6,2492,0.24%,10.9,15,0,C,
de-geschiedenis-van-de-piano-in-een-notendop,https://onlinemuziekcursus.nl/de-geschiedenis-van-de-piano-in-een-notendop/,6,1301,0.46%,18.1,13,0,C,
gitaarakkoorden-leren-spelen/cm7-akkoord-gitaar,https://onlinemuziekcursus.nl/gitaarakkoorden-leren-spelen/cm7-akkoord-gitaar/,4,1177,0.34%,16.4,16,0,C,
pianolessen-online,https://onlinemuziekcursus.nl/pianolessen-online/,4,4639,0.09%,26.0,7,0,C,
essentiele-gitaartechnieken-voor-heavy-metal,https://onlinemuziekcursus.nl/essentiele-gitaartechnieken-voor-heavy-metal/,4,504,0.79%,31.2,6,0,C,
affiliates,https://onlinemuziekcursus.nl/affiliates/,3,659,0.46%,38.5,41,0,C,
gitaarakkoorden-leren-spelen,https://onlinemuziekcursus.nl/gitaarakkoorden-leren-spelen/,3,249,1.2%,8.0,28,0,C,GSC-only:reproduceren-of-301
online-gitaar-les,https://onlinemuziekcursus.nl/online-gitaar-les/,3,811,0.37%,59.8,11,0,C,
gitaar-snaren-namen,https://onlinemuziekcursus.nl/gitaar-snaren-namen/,3,1641,0.18%,13.7,10,0,C,
de-gitaar,https://onlinemuziekcursus.nl/de-gitaar/,3,1403,0.21%,31.5,10,0,C,
complete-vocal-technique,https://onlinemuziekcursus.nl/complete-vocal-technique/,3,213,1.41%,20.7,10,0,C,
muziekinstrumenten-de-drie-bekendste,https://onlinemuziekcursus.nl/muziekinstrumenten-de-drie-bekendste/,2,2205,0.09%,31.2,20,0,C,
leren-improviseren-voor-zangers,https://onlinemuziekcursus.nl/leren-improviseren-voor-zangers/,2,5605,0.04%,10.4,19,0,B,quick-win
fingerpicking-voor-gitaristen,https://onlinemuziekcursus.nl/fingerpicking-voor-gitaristen/,2,69,2.9%,11.3,17,0,C,
ukelele,https://onlinemuziekcursus.nl/ukelele/,2,151,1.32%,46.5,10,0,C,
essentiele-gitaartechnieken-voor-rockmuziek,https://onlinemuziekcursus.nl/essentiele-gitaartechnieken-voor-rockmuziek/,2,188,1.06%,22.1,8,0,C,
gitaarlessen-online,https://onlinemuziekcursus.nl/gitaarlessen-online/,2,2198,0.09%,46.9,4,0,C,
online-piano-toetsenbord,https://onlinemuziekcursus.nl/online-piano-toetsenbord/,1,356,0.28%,49.7,22,0,C,
online-muziekles,https://onlinemuziekcursus.nl/online-muziekles/,1,151,0.66%,34.6,17,0,C,
gitaar,https://onlinemuziekcursus.nl/gitaar/,1,322,0.31%,34.0,17,0,C,
piano-tips-voor-beginners,https://onlinemuziekcursus.nl/piano-tips-voor-beginners/,1,2307,0.04%,64.2,9,0,C,
essentiele-gitaartechnieken-voor-jazz,https://onlinemuziekcursus.nl/essentiele-gitaartechnieken-voor-jazz/,1,377,0.27%,26.6,9,0,C,
online-gitaar-lessen,https://onlinemuziekcursus.nl/online-gitaar-lessen/,1,642,0.16%,55.2,7,0,C,
author/mexx-schilder,https://onlinemuziekcursus.nl/author/mexx-schilder/,1,9,11.11%,10.9,0,0,C,"GEEN echte auteur (alleen editor) - opruimen, 301 -> home/over-ons"
(home),https://onlinemuziekcursus.nl/,0,1,0.0,1.0,10381,88,A,
checkout/online-muziek-cursus-piano,,0,0,,,445,0,F,Plug&Pay off-site (404 op OMC) - niet migreren
gitaarakkoorden,https://onlinemuziekcursus.nl/gitaarakkoorden/,0,13,0.0,8.3,366,0,C,
checkout/online-muziek-cursus-gitaar,,0,0,,,330,0,F,Plug&Pay off-site (404 op OMC) - niet migreren
checkout/online-muziek-cursus-drumles,,0,0,,,299,0,F,Plug&Pay off-site (404 op OMC) - niet migreren
checkout/pianoactie,,0,0,,,285,0,F,Plug&Pay off-site (404 op OMC) - niet migreren
checkout/online-muziek-cursus-zang,,0,0,,,268,0,F,Plug&Pay off-site (404 op OMC) - niet migreren
gitaaronderdelen,https://onlinemuziekcursus.nl/gitaaronderdelen/,0,3,0.0,8.0,263,0,C,
gitaarakkoorden-leren-spelen/f-akkoord-gitaar,https://onlinemuziekcursus.nl/gitaarakkoorden-leren-spelen/f-akkoord-gitaar/,0,1922,0.0,9.6,207,0,C,
checkout/zangactie,,0,0,,,145,0,F,Plug&Pay off-site (404 op OMC) - niet migreren
checkout/online-muziek-cursus-ukelele,,0,0,,,139,0,F,Plug&Pay off-site (404 op OMC) - niet migreren
checkout/online-muziek-cursus-basgitaar,,0,0,,,135,0,F,Plug&Pay off-site (404 op OMC) - niet migreren
checkout/noten-leren-lezen,,0,0,,,116,0,F,Plug&Pay off-site (404 op OMC) - niet migreren
gitaarakkoorden-leren-spelen/b-akkoord-gitaar,https://onlinemuziekcursus.nl/gitaarakkoorden-leren-spelen/b-akkoord-gitaar/,0,785,0.0,7.8,103,0,C,
blog,https://onlinemuziekcursus.nl/blog/,0,67,0.0,46.0,103,0,C,
gratis-zanglessen,,0,0,,,100,0,C,GA-only
checkout/muziektheorie,,0,0,,,96,0,F,Plug&Pay off-site (404 op OMC) - niet migreren
gratis-pianolessen,,0,0,,,89,0,C,GA-only
gitaar-noten-leren,https://onlinemuziekcursus.nl/gitaar-noten-leren/,0,1,0.0,2.0,87,0,C,
index.php,,0,0,,,87,0,C,GA-only
houtsoorten-voor-een-gitaar,https://onlinemuziekcursus.nl/houtsoorten-voor-een-gitaar/,0,3,0.0,12.0,74,0,C,
checkout/leren-tokkelen,,0,0,,,69,0,F,Plug&Pay off-site (404 op OMC) - niet migreren
gratis-gitaarlessen,,0,0,,,68,0,C,GA-only
checkout/gitaar-actie,,0,0,,,68,0,F,Plug&Pay off-site (404 op OMC) - niet migreren
checkout/pianoactie/upsell-omc,,0,0,,,63,0,F,Plug&Pay off-site (404 op OMC) - niet migreren
checkout/zang-v/upsell-omc,,0,0,,,58,0,F,Plug&Pay off-site (404 op OMC) - niet migreren
piano-bladmuziek,https://onlinemuziekcursus.nl/piano-bladmuziek/,0,45,0.0,9.9,58,0,C,
wat-is-een-drumstel,https://onlinemuziekcursus.nl/wat-is-een-drumstel/,0,112,0.0,8.3,58,0,C,
checkout/dirigeren,,0,0,,,51,0,F,Plug&Pay off-site (404 op OMC) - niet migreren
privacy-policy,https://onlinemuziekcursus.nl/privacy-policy/,0,6,0.0,62.3,51,0,C,
checkout/solfege-gehoortraining,,0,0,,,41,0,F,Plug&Pay off-site (404 op OMC) - niet migreren
checkout/zangactie/upsell-omc,,0,0,,,31,0,F,Plug&Pay off-site (404 op OMC) - niet migreren
gitaarakkoorden-leren-spelen/gm7-akkoord-gitaar,https://onlinemuziekcursus.nl/gitaarakkoorden-leren-spelen/gm7-akkoord-gitaar/,0,186,0.0,6.5,30,0,C,
keuze-pagina-proefles,https://onlinemuziekcursus.nl/keuze-pagina-proefles/,0,6,0.0,15.7,29,0,F,FUNNEL/conversietracking-reproduceren GSC-only:reproduceren-of-301
checkout/cadeaubon,,0,0,,,27,0,F,Plug&Pay off-site (404 op OMC) - niet migreren
algemene-voorwaarden,https://onlinemuziekcursus.nl/algemene-voorwaarden/,0,24,0.0,30.9,23,0,C,
disclaimer,https://onlinemuziekcursus.nl/disclaimer/,0,6,0.0,18.0,23,0,C,
orders/confirmed/04430d8b-e7ce-45f6-a237-b555fea0ba3b,,0,0,,,22,0,C,GA-only
soorten-gitaren,https://onlinemuziekcursus.nl/soorten-gitaren/,0,4,0.0,6.5,22,0,C,
aanmelding-geslaagd,,0,0,,,21,0,C,GA-only
checkout/online-muziek-cursus-gitaar-aanbidding,,0,0,,,20,0,F,Plug&Pay off-site (404 op OMC) - niet migreren
piano,https://onlinemuziekcursus.nl/piano/,0,161,0.0,38.8,17,0,C,
checkout/compositie-songwriting,,0,0,,,16,0,F,Plug&Pay off-site (404 op OMC) - niet migreren
aandachtspunten-voor-het-kopen-van-een-akoestische-piano,https://onlinemuziekcursus.nl/aandachtspunten-voor-het-kopen-van-een-akoestische-piano/,0,1442,0.0,50.5,15,0,C,
anti-spam-beleid,https://onlinemuziekcursus.nl/anti-spam-beleid/,0,9,0.0,21.2,14,0,C,
gitaarakkoorden-leren-spelen/dm7-akkoord-gitaar,https://onlinemuziekcursus.nl/gitaarakkoorden-leren-spelen/dm7-akkoord-gitaar/,0,2,0.0,7.5,13,0,C,
betaling-succesvol,,0,0,,,12,26,X-legacy,OUD-bedankpagina NIET migreren (flow zit nu in Plug&Pay)
waar-moet-je-op-letten-bij-het-kopen-van-een-gitaar,https://onlinemuziekcursus.nl/waar-moet-je-op-letten-bij-het-kopen-van-een-gitaar/,0,128,0.0,50.1,12,0,C,
checkout/gitaar-actie/upsell-omc,,0,0,,,11,0,F,Plug&Pay off-site (404 op OMC) - niet migreren
piano-kopen-of-huren,https://onlinemuziekcursus.nl/piano-kopen-of-huren/,0,451,0.0,27.0,10,0,C,GSC-only:reproduceren-of-301
orders/confirmed/9d748320-04f9-49d4-9ca2-54064583d8af,,0,0,,,9,0,C,GA-only
checkout/online-muziek-cursus-zang/upsell-omc,,0,0,,,9,0,F,Plug&Pay off-site (404 op OMC) - niet migreren
zingen,https://onlinemuziekcursus.nl/zingen/,0,478,0.0,63.6,9,0,C,
checkout/online-muziek-cursus-ukelele/upsell-omc,,0,0,,,9,0,F,Plug&Pay off-site (404 op OMC) - niet migreren
checkout/online-muziek-cursus-piano/upsell-omc,,0,0,,,7,0,F,Plug&Pay off-site (404 op OMC) - niet migreren
muziekles,https://onlinemuziekcursus.nl/muziekles/,0,234,0.0,68.5,7,0,C,
checkout/inzing-oefeningen,,0,0,,,7,0,F,Plug&Pay off-site (404 op OMC) - niet migreren
checkout/online-muziek-cursus-gitaar/upsell-omc,,0,0,,,7,0,F,Plug&Pay off-site (404 op OMC) - niet migreren
checkout/noten-leren-lezen/upsell-omc,,0,0,,,7,0,F,Plug&Pay off-site (404 op OMC) - niet migreren
ukelele-betalen,,0,0,,,6,0,C,GA-only
orders/confirmed/5e60950f-eec6-45fd-aff3-dc4c33b75da4,,0,0,,,6,0,C,GA-only
altijd-al-ukelele-willen-leren-spelen-start-vandaag-nog,https://onlinemuziekcursus.nl/altijd-al-ukelele-willen-leren-spelen-start-vandaag-nog/,0,389,0.0,6.2,6,0,C,
betaling-succesvol-piano,,0,0,,,6,22,X-legacy,OUD-bedankpagina NIET migreren (flow zit nu in Plug&Pay)
betaling-succesvol-drum,,0,0,,,6,6,X-legacy,OUD-bedankpagina NIET migreren (flow zit nu in Plug&Pay)
checkout/online-muziek-cursus-gitaar-aanbidding/upsell-omc,,0,0,,,5,0,F,Plug&Pay off-site (404 op OMC) - niet migreren
orders/confirmed/e64dbbe4-4127-44d0-ab1d-e3bb629b1712,,0,0,,,5,0,C,GA-only
checkout/online-muziek-cursus-basgitaar/upsell-omc,,0,0,,,5,0,F,Plug&Pay off-site (404 op OMC) - niet migreren
betaling-succesvol-zang,,0,0,,,5,17,X-legacy,OUD-bedankpagina NIET migreren (flow zit nu in Plug&Pay)
essentiele-gitaartechnieken-voor-popmuziek,https://onlinemuziekcursus.nl/essentiele-gitaartechnieken-voor-popmuziek/,0,204,0.0,61.7,5,0,C,
orders/confirmed/56d201be-c20a-4c0d-b4b8-9474b284dfaf,,0,0,,,4,0,C,GA-only
orders/confirmed/179c2b59-4bea-470f-bc8c-7612770f9896,,0,0,,,4,0,C,GA-only
orders/confirmed/b5ff35f6-f954-465a-b8e8-2a3c795b87c1,,0,0,,,4,0,C,GA-only
orders/confirmed/fb6ef304-7845-4354-96f3-2f84fb63b4ad,,0,0,,,4,0,C,GA-only
akoestische-gitaar,,0,0,,,4,0,C,GA-only
orders/confirmed/5abb026b-933c-4ffa-8e96-5e76c59043eb,,0,0,,,4,0,C,GA-only
checkout/muziektheorie/upsell-omc,,0,0,,,4,0,F,Plug&Pay off-site (404 op OMC) - niet migreren
de-juiste-elektrische-gitaar-kiezen,https://onlinemuziekcursus.nl/de-juiste-elektrische-gitaar-kiezen/,0,58,0.0,47.8,3,0,C,
orders/confirmed/a8f24476-0666-4a6a-b7db-4f1b545ad7d2,,0,0,,,3,0,C,GA-only
orders/confirmed/b8407e24-e58c-4f78-a3ca-97bdf7d0c163,,0,0,,,3,0,C,GA-only
orders/confirmed/2d13a12b-d0ed-4062-9f2c-590bb3393680,,0,0,,,3,0,C,GA-only
orders/confirmed/e3a4db31-8079-4245-a84e-ec7d58b22a7f,,0,0,,,3,0,C,GA-only
orders/confirmed/e3e2aa34-ff8c-484d-8235-e76caf6bc6a8,,0,0,,,3,0,C,GA-only
betaling-succesvol-basgitaar,,0,0,,,3,15,X-legacy,OUD-bedankpagina NIET migreren (flow zit nu in Plug&Pay)
orders/confirmed/2e5430d4-08a3-4541-9d86-adafc40f1e56,,0,0,,,3,0,C,GA-only
orders/confirmed/e83392bd-c041-429f-b011-62c135718e34,,0,0,,,3,0,C,GA-only
orders/confirmed/ff9bc338-e8a8-4d57-aec1-6498bc39dde3,,0,0,,,3,0,C,GA-only
orders/confirmed/79d39786-6d79-4acf-9a12-2111a9d0e5b3,,0,0,,,3,0,C,GA-only
orders/confirmed/22ea8e8c-26d1-4ac3-a8ad-588d3601b47d,,0,0,,,3,0,C,GA-only
orders/confirmed/e93a68ea-630f-4757-9a47-6d2cf71cd4d6,,0,0,,,3,0,C,GA-only
orders/confirmed/9f142975-3d07-4d52-9c79-29bf6a1667c0,,0,0,,,3,0,C,GA-only
zangles-betalen,,0,0,,,3,0,C,GA-only
orders/confirmed/72f38c27-12cb-45ec-9118-e35962286de9,,0,0,,,3,0,C,GA-only
orders/confirmed/4a1cc9d1-e486-4c77-8e50-5e8b346f77f4,,0,0,,,3,0,C,GA-only
orders/confirmed/cebf9de4-c3ad-4af6-8482-7c204ba24e26,,0,0,,,3,0,C,GA-only
orders/confirmed/1db5a84a-e7e4-4c9f-a022-b6e80193de94,,0,0,,,3,0,C,GA-only
orders/confirmed/99318f98-b3a8-47b4-958a-c2d131e406c5,,0,0,,,3,0,C,GA-only
orders/confirmed/fbf49a94-4e22-422b-bdd8-a736afed1313,,0,0,,,3,0,C,GA-only
orders/confirmed/36390385-9db3-4304-832a-c65afbafa028,,0,0,,,3,0,C,GA-only
orders/confirmed/07e6f498-b6d3-4b24-b39f-8da1d3d840b2,,0,0,,,3,0,C,GA-only
orders/confirmed/13c5e99f-825f-4880-b7bd-86daec698e75,,0,0,,,3,0,C,GA-only
orders/confirmed/ae5b6802-92ef-435d-aa5c-a1e36ad0dadf,,0,0,,,2,0,C,GA-only
orders/confirmed/8d8edfbc-e4dc-4058-9bb6-93f32c55b628,,0,0,,,2,0,C,GA-only
orders/failed/c756d41e-9191-4dae-96f4-cbfa86aa837f,,0,0,,,2,0,C,GA-only
orders/confirmed/f072b401-93ab-43a2-8708-cbf2b86a8a96,,0,0,,,2,0,C,GA-only
orders/confirmed/0dd14bfe-9a70-4abe-80fd-ca75f8f84664,,0,0,,,2,0,C,GA-only
orders/confirmed/da847319-fdac-4d76-ba75-3de2c869220f,,0,0,,,2,0,C,GA-only
orders/confirmed/642f1e83-4eb9-4839-a973-e5fb05ab9c8e,,0,0,,,2,0,C,GA-only
orders/confirmed/9f6ad4b7-b8f5-4017-83a2-365ce65a95fd,,0,0,,,2,0,C,GA-only
orders/confirmed/6f4e35a9-7c71-4a66-a8f7-0c7ed8473568,,0,0,,,2,0,C,GA-only
gitaarles-betalen,,0,0,,,2,0,C,GA-only
orders/confirmed/925217ae-1f3b-4b8b-806c-778d2b9476d2,,0,0,,,2,0,C,GA-only
orders/confirmed/0afd9682-abd1-415b-8dab-204ed2998381,,0,0,,,2,0,C,GA-only
orders/confirmed/04252960-5069-4f26-8bd0-8da031e57580,,0,0,,,2,0,C,GA-only
gitaarles-online,https://onlinemuziekcursus.nl/gitaarles-online/,0,31,0.0,49.1,2,0,C,GSC-only:reproduceren-of-301
orders/confirmed/b13671fb-5300-4a72-933f-2d6f650f74d1,,0,0,,,2,0,C,GA-only
orders/confirmed/c976fd91-5deb-4868-8554-a8d0e8ebf876,,0,0,,,2,0,C,GA-only
orders/confirmed/2afa17eb-b8d2-47a4-8548-8626bf4bdcd5,,0,0,,,2,0,C,GA-only
Ukelele-les,,0,0,,,2,0,C,GA-only
orders/confirmed/4cf92f89-6b08-4286-a360-d662103da38b,,0,0,,,2,0,C,GA-only
orders/confirmed/aabce8f5-45f3-43a2-889d-182cba02b8e8,,0,0,,,2,0,C,GA-only
orders/confirmed/3cb54559-1f19-4367-87b5-a64d23cc524e,,0,0,,,2,0,C,GA-only
orders/confirmed/90577f8e-e8ba-49b9-b15b-cbe2abba86e9,,0,0,,,2,0,C,GA-only
orders/confirmed/9acf6b3a-aa8f-447a-bee9-f16c39e006f3,,0,0,,,2,0,C,GA-only
orders/confirmed/fdec3ae8-34f9-4509-86b0-722b997d94ea,,0,0,,,2,0,C,GA-only
orders/confirmed/cdc8ffe3-3548-4845-b5b5-5b13ecc8878b,,0,0,,,2,0,C,GA-only
orders/confirmed/4d32f8bc-00ae-4421-bcba-cb6b66250456,,0,0,,,2,0,C,GA-only
orders/confirmed/27d7215b-907f-4422-9b20-6cf7eadab557,,0,0,,,2,0,C,GA-only
orders/confirmed/6fe42d8a-d6fd-4232-8d4f-1e27e410182c,,0,0,,,2,0,C,GA-only
orders/confirmed/1e2fa7c1-b7b0-475f-a010-2233d8d939e4,,0,0,,,2,0,C,GA-only
preview/confirmation/35002,,0,0,,,2,0,C,GA-only
orders/failed/2f382ffb-4257-4b28-860d-0605f838de42,,0,0,,,2,0,C,GA-only
orders/confirmed/8b677f4f-cbef-4b6f-b40e-9c7e0b4744e5,,0,0,,,2,0,C,GA-only
orders/confirmed/3434f67a-5375-4243-bbf7-be03319803af,,0,0,,,2,0,C,GA-only
checkout/leren-tokkelen/upsell-omc,,0,0,,,2,0,F,Plug&Pay off-site (404 op OMC) - niet migreren
orders/confirmed/807f5d4d-a488-47ab-b444-b7381db5a098,,0,0,,,2,0,C,GA-only
orders/confirmed/d3694785-aaef-4fb1-8d99-0c3ce4ca5157,,0,0,,,2,0,C,GA-only
orders/confirmed/fb3f4d15-0455-4257-b41e-485ad25fe4d9,,0,0,,,2,0,C,GA-only
orders/confirmed/96db866f-519a-457e-91ae-72107092d203,,0,0,,,2,0,C,GA-only
orders/confirmed/78383dda-916e-4642-843c-2e1fe0876a9d,,0,0,,,2,0,C,GA-only
orders/confirmed/a608a959-bf62-45c2-9aa9-6ac7e6636186,,0,0,,,2,0,C,GA-only
basgitaar-betalen,,0,0,,,2,0,C,GA-only
orders/confirmed/c73d31bf-5640-4635-990d-726e759fa335,,0,0,,,2,0,C,GA-only
orders/confirmed/0182340d-8574-4a4a-aad1-187a1f6a7e42,,0,0,,,2,0,C,GA-only
orders/confirmed/61335995-6b3d-4478-8f1e-f73102bc1bfe,,0,0,,,2,0,C,GA-only
orders/confirmed/cb771a42-0fc2-457c-97df-09fa63a30318,,0,0,,,2,0,C,GA-only
orders/confirmed/d42f558f-6647-468e-9c61-013f49510c6b,,0,0,,,2,0,C,GA-only
orders/confirmed/20cdd16d-6ff1-4b38-8b02-8a71d93d68b2,,0,0,,,2,0,C,GA-only
orders/confirmed/f15f26e0-a825-4262-86d4-732e07beed5b,,0,0,,,2,0,C,GA-only
orders/confirmed/622d797d-6c68-478a-92da-0c32eda2ba9b,,0,0,,,2,0,C,GA-only
orders/confirmed/ed14306f-cf37-4681-bb94-6579f73688f6,,0,0,,,2,0,C,GA-only
orders/confirmed/eff68c67-8114-4562-9123-5db67486e179,,0,0,,,2,0,C,GA-only
orders/confirmed/b8bcaf48-4b61-452a-888a-1d9ece24d4e5,,0,0,,,2,0,C,GA-only
orders/confirmed/3dbd560c-939a-4233-873f-e0203641d2e0,,0,0,,,2,0,C,GA-only
orders/confirmed/ea4d16f6-e5e6-4084-b552-74230e884de2,,0,0,,,2,0,C,GA-only
orders/confirmed/6898cfb2-13db-4f37-9bdf-bbcf3be78509,,0,0,,,2,0,C,GA-only
affiliate-programma,https://onlinemuziekcursus.nl/affiliate-programma/,0,501,0.0,46.1,2,0,C,
orders/confirmed/a494ec7b-a4a7-4383-9358-c46197079f3b,,0,0,,,2,0,C,GA-only
orders/confirmed/d112b6b6-a475-4cdb-a550-f743d8037f69,,0,0,,,2,0,C,GA-only
orders/confirmed/27a46768-ab49-4843-bece-136029c7e17e,,0,0,,,2,0,C,GA-only
orders/confirmed/73ab2583-5879-424f-9834-e0bdf80a707d,,0,0,,,2,0,C,GA-only
orders/confirmed/bab07d31-b8ee-46f1-8aaf-5ee5b6fa2ab2,,0,0,,,2,0,C,GA-only
checkout/solfege-gehoortraining/upsell-omc,,0,0,,,1,0,F,Plug&Pay off-site (404 op OMC) - niet migreren
home,,0,0,,,1,0,C,GA-only
orders/confirmed/8f6c12b4-8134-47eb-8bac-59a9c0075ddc,,0,0,,,1,0,C,GA-only
orders/confirmed/3e1a3dc9-1994-4632-bc58-0f0943464777,,0,0,,,1,0,C,GA-only
orders/confirmed/fe0bc9e5-c69e-4f63-947a-d5c8265490f7,,0,0,,,1,0,C,GA-only
orders/confirmed/31ff5281-4fa3-4678-bf37-cf8e611a8be3,,0,0,,,1,0,C,GA-only
orders/confirmed/d2ca509c-3843-4dfa-b0bb-403bb3748a1a,,0,0,,,1,0,C,GA-only
orders/confirmed/0c5ecb00-9fb2-426d-aed3-b815adb4f44f,,0,0,,,1,0,C,GA-only
orders/confirmed/bc20686c-6309-4f0f-81e1-38271b8d5dcb,,0,0,,,1,0,C,GA-only
orders/confirmed/79ea5cde-e631-414c-a867-e7d8473db9c1,,0,0,,,1,0,C,GA-only
orders/confirmed/1c1b6fcf-b908-4b16-9e76-a8db4b8fb63a,,0,0,,,1,0,C,GA-only
orders/confirmed/ebf35972-4665-4682-8fc0-c6efd2e14f74,,0,0,,,1,0,C,GA-only
orders/confirmed/b41af12d-956b-479f-9f52-9018ea5a9c75,,0,0,,,1,0,C,GA-only
orders/confirmed/8cf5080b-eba7-4b19-81b9-358b37d4f3e4,,0,0,,,1,0,C,GA-only
orders/confirmed/a16cd29b-95ca-4580-8735-e78fb4a8c3fd,,0,0,,,1,0,C,GA-only
r,,0,0,,,1,0,C,GA-only
orders/confirmed/755e3085-caf9-4811-b4ba-0826dd7c339d,,0,0,,,1,0,C,GA-only
orders/confirmed/da6c9c8e-8f3d-4ff6-aedc-b36dfc26ba5c,,0,0,,,1,0,C,GA-only
orders/confirmed/a9ac6b5c-1a02-4520-9879-22a0e7c211ba,,0,0,,,1,0,C,GA-only
orders/failed/8968f214-1b96-4895-8280-9424d3022bc6,,0,0,,,1,0,C,GA-only
orders/confirmed/09632ec8-283d-4447-9a08-523f0c403490,,0,0,,,1,0,C,GA-only
orders/confirmed/2c5c3528-b6ee-479f-876d-8e4d2072a6b4,,0,0,,,1,0,C,GA-only
orders/confirmed/db41e023-5507-47f5-b309-4146c7ee6393,,0,0,,,1,0,C,GA-only
orders/confirmed/d30035b7-bdbe-4ab1-910c-214b01502686,,0,0,,,1,0,C,GA-only
orders/confirmed/e37a8c16-bf7c-49a1-ab0d-767127187407,,0,0,,,1,0,C,GA-only
orders/confirmed/84b6996d-dfbf-464f-9e15-224f55c99b4d,,0,0,,,1,0,C,GA-only
orders/confirmed/ecd64192-a20e-434a-809f-9d5920aea90e,,0,0,,,1,0,C,GA-only
orders/confirmed/22bf2c84-2f5e-466b-ac01-5d7ed7c8f2a8,,0,0,,,1,0,C,GA-only
orders/failed/c5c046dc-1e2e-4e74-8c66-7d151dddde99,,0,0,,,1,0,C,GA-only
orders/confirmed/5672e306-5d76-476f-b25a-1c9ae495d6e9,,0,0,,,1,0,C,GA-only
orders/confirmed/0da6f670-dde6-4d58-9a15-e0867ae9b412,,0,0,,,1,0,C,GA-only
orders/failed/d42f558f-6647-468e-9c61-013f49510c6b,,0,0,,,1,0,C,GA-only
orders/confirmed/c5094e41-7dc3-4367-b52a-87b2d0659563,,0,0,,,1,0,C,GA-only
orders/confirmed/12b512ea-60ea-4524-8778-8678a93ee18a,,0,0,,,1,0,C,GA-only
orders/confirmed/950ec1bc-affb-4bd5-b372-c4c57ec71515,,0,0,,,1,0,C,GA-only
orders/failed/4f349159-de9a-478b-a6b3-d9bcc818637c,,0,0,,,1,0,C,GA-only
orders/confirmed/97e94fa1-700a-4a60-93e3-a2eea1cd3d9c,,0,0,,,1,0,C,GA-only
orders/confirmed/275a1750-c62a-4900-8f35-a60692ea56c4,,0,0,,,1,0,C,GA-only
orders/confirmed/309ffee3-6c3b-4acb-998d-4ab20330d759,,0,0,,,1,0,C,GA-only
orders/confirmed/105ea7f4-04bc-440f-824e-ccc430002405,,0,0,,,1,0,C,GA-only
orders/confirmed/c48c767c-ec95-4408-bd3e-a54646c13071,,0,0,,,1,0,C,GA-only
orders/confirmed/27d9d78e-3678-4cea-b1da-155550d1e721,,0,0,,,1,0,C,GA-only
orders/confirmed/f8e54750-89ab-4cf3-ae45-71c69a345c27,,0,0,,,1,0,C,GA-only
orders/confirmed/2a1d25b3-1f22-4041-873a-2cee2b9a4d63,,0,0,,,1,0,C,GA-only
orders/confirmed/2a18535d-69e6-4e00-b12c-4b3bf8eaad56,,0,0,,,1,0,C,GA-only
orders/confirmed/10442bd2-7b1f-4b02-a140-26be8da3a633,,0,0,,,1,0,C,GA-only
orders/confirmed/053f0b8e-e4e5-4c6c-bd64-ab390af44ab1,,0,0,,,1,0,C,GA-only
orders/confirmed/033b9a2f-16dc-41e5-9a86-625be0524b30,,0,0,,,1,0,C,GA-only
orders/confirmed/265e2ffc-3722-4b73-80ef-5a4235a2d5c8,,0,0,,,1,0,C,GA-only
orders/confirmed/30993a83-c25c-4755-9e31-f501eda9f951,,0,0,,,1,0,C,GA-only
orders/confirmed/b074a928-c573-463d-a02a-1f9fbf509693,,0,0,,,1,0,C,GA-only
orders/confirmed/bce34d0b-9091-42a2-afc5-b2a9d4133b95,,0,0,,,1,0,C,GA-only
orders/confirmed/f9859d28-ce74-4703-a51b-ee471232896f,,0,0,,,1,0,C,GA-only
orders/confirmed/eca11904-b3c2-4f60-a9a9-64c648037104,,0,0,,,1,0,C,GA-only
orders/confirmed/b41ca9d1-aee4-4238-9699-95e2225c5ce6,,0,0,,,1,0,C,GA-only
orders/confirmed/9312d946-f62d-4956-84c9-47077a46838d,,0,0,,,1,0,C,GA-only
orders/confirmed/45de9e58-7729-4361-bc05-7a8d3637a427,,0,0,,,1,0,C,GA-only
orders/confirmed/59162c19-f965-4e96-98ac-9283a912a478,,0,0,,,1,0,C,GA-only
orders/confirmed/e42be8d6-9007-4c84-893a-9ed3d8616498,,0,0,,,1,0,C,GA-only
orders/confirmed/e4227239-2512-4e2b-999a-462dc0d5008d,,0,0,,,1,0,C,GA-only
orders/confirmed/ce9ee79e-4c94-4fde-8c4a-43c4507cf7f9,,0,0,,,1,0,C,GA-only
orders/confirmed/bc3fcfd2-49da-42a0-b0ed-f9f3bba5569b,,0,0,,,1,0,C,GA-only
orders/confirmed/09f44b20-d828-4a1c-85b9-ffbf3fe4ec06,,0,0,,,1,0,C,GA-only
orders/confirmed/f01648cc-46d8-4a5b-bbb1-8a11c526990b,,0,0,,,1,0,C,GA-only
orders/confirmed/078c0258-7331-4b46-b6cb-acb81f035f25,,0,0,,,1,0,C,GA-only
orders/confirmed/c5c046dc-1e2e-4e74-8c66-7d151dddde99,,0,0,,,1,0,C,GA-only
checkout/online-muziek-cursus-drumles/upsell-omc,,0,0,,,1,0,F,Plug&Pay off-site (404 op OMC) - niet migreren
orders/confirmed/aa3a8dab-c61b-47a2-a0c6-e02914f98aae,,0,0,,,1,0,C,GA-only
orders/confirmed/5a7a7e7e-74ad-492b-b9af-10a1709815e9,,0,0,,,1,0,C,GA-only
orders/confirmed/f4f854d3-8517-4e25-b2ff-87f3c7d46e37,,0,0,,,1,0,C,GA-only
orders/confirmed/f6c048fa-f1bd-4c9b-aaae-f2af0c16dce3,,0,0,,,1,0,C,GA-only
orders/failed/02c55f15-c742-4d49-9785-6f3e0465b5bf,,0,0,,,1,0,C,GA-only
orders/confirmed/6e2cd01c-177d-4e4b-8855-1922a02e5075,,0,0,,,1,0,C,GA-only
orders/confirmed/352487a1-45b0-4893-9772-5316d6eeb158,,0,0,,,1,0,C,GA-only
orders/confirmed/e7bf8b0b-e4eb-49d5-ac01-99082d3c3e00,,0,0,,,1,0,C,GA-only
orders/confirmed/73116032-a5d5-497b-b6eb-a67df0036ff7,,0,0,,,1,0,C,GA-only
orders/confirmed/b1d05573-2e61-4c6f-8a1e-91a6be2af209,,0,0,,,1,0,C,GA-only
go/drum-cursus,,0,0,,,1,0,C,GA-only
gitaar-aanbidding-betalen,,0,0,,,1,0,C,GA-only
orders/confirmed/84dccbac-5296-4fe2-a6ff-fefe2e19cdc8,,0,0,,,1,0,C,GA-only
orders/confirmed/dffb0d50-8192-444b-bfb7-ba9dbb9494d5,,0,0,,,1,0,C,GA-only
orders/confirmed/863f42d5-fd70-4dd7-88c4-e07e50e880bd,,0,0,,,1,0,C,GA-only
gitaarles-voor-beginners,,0,0,,,1,0,C,GA-only
orders/confirmed/f9cf0c79-071d-4e65-ab9c-1a2e2699cbe3,,0,0,,,1,0,C,GA-only
orders/confirmed/5c73710a-9247-4fba-9246-85f21cea6ffa,,0,0,,,1,0,C,GA-only
orders/confirmed/eb7fd531-f9ba-412d-8690-344f6a2a7761,,0,0,,,1,0,C,GA-only
orders/confirmed/17d67668-07df-4d02-983f-fc3c717cc1bf,,0,0,,,1,0,C,GA-only
orders/confirmed/5cb7b903-439c-498c-ad6b-01f6da3fd955,,0,0,,,1,0,C,GA-only
orders/confirmed/8f0a3537-4e37-4266-8b5b-67564f1e3dac,,0,0,,,1,0,C,GA-only
webshops/hobby/online-muziekcursus-muziekles-bas-piano-zang-ukelele-verschillend-gitaar-makkelijk-korting.click,,0,0,,,1,0,C,GA-only
orders/confirmed/6ae97407-ea07-4710-9fda-b56a96ff7765,,0,0,,,1,0,C,GA-only
orders/confirmed/b5351688-6ad1-41a7-a17c-3bba45cd8e58,,0,0,,,1,0,C,GA-only
orders/confirmed/81e07103-2c78-49da-a69f-512d38780d03,,0,0,,,1,0,C,GA-only
orders/confirmed/0b2bebdb-4659-4783-9770-56b9a15cead1,,0,0,,,1,0,C,GA-only
orders/confirmed/6f7d932e-9684-46ea-bd46-b7d8ce5b2708,,0,0,,,1,0,C,GA-only
orders/confirmed/1ed5f37b-c8b0-4f64-a316-fe5f0c4ddfd2,,0,0,,,1,0,C,GA-only
orders/confirmed/091329ff-fe12-4f8a-b234-77c14b5428db,,0,0,,,1,0,C,GA-only
orders/failed/8cff9cf9-fd49-4869-a8b9-273592240cb2,,0,0,,,1,0,C,GA-only
orders/confirmed/e9648479-bc4b-438d-b826-ec5fbf7fbf76,,0,0,,,1,0,C,GA-only
orders/confirmed/4f07b4b0-1373-45ed-99ac-bcd4a83d8155,,0,0,,,1,0,C,GA-only
orders/confirmed/1d8e882a-21cc-431e-81a0-a15cb008805b,,0,0,,,1,0,C,GA-only
orders/confirmed/53602b45-60b0-4f27-9abb-9cecca7166b0,,0,0,,,1,0,C,GA-only
orders/confirmed/f1492c23-8015-4af0-ae50-722f872ff4e8,,0,0,,,1,0,C,GA-only
orders/confirmed/e5576146-141e-4e33-93cd-a91f7c6b190d,,0,0,,,1,0,C,GA-only
orders/confirmed/d22b812a-8e3b-48af-bcff-54ee9efbca90,,0,0,,,1,0,C,GA-only
orders/confirmed/61f21ccc-ecdf-4c93-82da-d18143155970,,0,0,,,1,0,C,GA-only
orders/confirmed/b16541e1-d1c5-4c57-a914-1d62b45b9f52,,0,0,,,1,0,C,GA-only
orders/confirmed/ee58f809-e6c4-41ab-8b31-f3f883feba72,,0,0,,,1,0,C,GA-only
orders/confirmed/5193f4e9-935d-4e05-a5c8-9039c6611922,,0,0,,,1,0,C,GA-only
orders/confirmed/9d241f94-c7d7-4113-848f-29714c16d95d,,0,0,,,1,0,C,GA-only
orders/confirmed/dac9b048-8899-4b65-83e5-93f97c6d0a97,,0,0,,,1,0,C,GA-only
orders/confirmed/d8391ab9-8cb2-4b42-bfbd-e281332f0eb9,,0,0,,,1,0,C,GA-only
orders/confirmed/de5a135d-699e-4bc8-ba0e-8eade4ddd2be,,0,0,,,1,0,C,GA-only
orders/confirmed/d9ddc95a-fccd-4867-94fc-5f7a641e69d3,,0,0,,,1,0,C,GA-only
orders/confirmed/a57c0fbd-b2cc-41cc-a0ec-6c5b7b1a5a66,,0,0,,,1,0,C,GA-only
orders/confirmed/7f41c587-5e72-46ea-8ee6-614e4502c63d,,0,0,,,1,0,C,GA-only
orders/failed/352487a1-45b0-4893-9772-5316d6eeb158,,0,0,,,1,0,C,GA-only
orders/confirmed/988f2d77-a40b-4ad6-9bc3-ca21d64efeb7,,0,0,,,1,0,C,GA-only
orders/confirmed/5cf1b339-95d0-4e6c-be7b-d1e106487a86,,0,0,,,1,0,C,GA-only
orders/confirmed/7d84711d-28b0-4213-acf0-e82175347b59,,0,0,,,1,0,C,GA-only
orders/confirmed/5d7b66f5-6ca5-45d3-8473-99138c212340,,0,0,,,1,0,C,GA-only
orders/confirmed/b3718dc9-166a-48d2-b105-d226fdbea48c,,0,0,,,1,0,C,GA-only
orders/confirmed/0eaa22a8-1ffa-4372-b847-0dd7ec23d6f7,,0,0,,,1,0,C,GA-only
orders/confirmed/6b8a99d9-bab4-476e-afdf-734cc8f95139,,0,0,,,1,0,C,GA-only
orders/confirmed/99e3440f-9c42-4776-ad73-be66c01bb2b3,,0,0,,,1,0,C,GA-only
orders/failed/d68d3126-6207-4dcc-80aa-21e02d41ad1e,,0,0,,,1,0,C,GA-only
orders/confirmed/44609a51-467c-42cd-aba5-aa0562753195,,0,0,,,1,0,C,GA-only
orders/confirmed/35ef72a3-4ffb-417d-9ad8-d2cdf7292867,,0,0,,,1,0,C,GA-only
orders/confirmed/435b3db8-c927-4af8-bcea-e4feb38366ea,,0,0,,,1,0,C,GA-only
orders/confirmed/25a1654d-b632-4729-befa-2cfb2a9815c6,,0,0,,,1,0,C,GA-only
orders/confirmed/1697807a-5d56-477f-a40e-0167e84a6c2d,,0,0,,,1,0,C,GA-only
orders/confirmed/8299b318-3b81-4654-935c-f603ce429dae,,0,0,,,1,0,C,GA-only
orders/confirmed/975b587e-a663-475f-b0fa-200e13eaf55c,,0,0,,,1,0,C,GA-only
orders/confirmed/c736a795-0a79-4eee-967f-35cb3e69514d,,0,0,,,1,0,C,GA-only
orders/confirmed/6d2f3cde-7a9c-43fe-89a2-adf6fa53e54f,,0,0,,,1,0,C,GA-only
orders/confirmed/8f9e68c4-6026-4753-b5de-671c4bb84122,,0,0,,,1,0,C,GA-only
orders/confirmed/ac5c26f6-613c-4a87-a3a4-71c8e5938358,,0,0,,,1,0,C,GA-only
orders/confirmed/ba2fe3ab-3bb0-40d6-a581-b6390486fbcc,,0,0,,,1,0,C,GA-only
orders/confirmed/dd56d252-51ec-49bd-9e27-f72c950d13da,,0,0,,,1,0,C,GA-only
orders/confirmed/f49760b4-1add-400b-ab15-fddc5f00263e,,0,0,,,1,0,C,GA-only
orders/confirmed/4c48b06b-0915-4be6-9ff1-3a92138bbc52,,0,0,,,1,0,C,GA-only
orders/confirmed/dd7b7caa-623f-4d45-9ae2-50aadcb1c73c,,0,0,,,1,0,C,GA-only
orders/confirmed/db6f0123-585d-43e8-a666-4fe2718f78b9,,0,0,,,1,0,C,GA-only
orders/confirmed/d87b5588-a17e-46dc-9cd9-354f1671173b,,0,0,,,1,0,C,GA-only
orders/confirmed/d6d27119-ac0e-452c-9009-63a522ebf11c,,0,0,,,1,0,C,GA-only
orders/confirmed/fbf7d31f-843d-4b56-9d78-7d182f7b400f,,0,0,,,1,0,C,GA-only
orders/confirmed/0fca4855-e142-48a9-9cd0-7c3d34a9c89e,,0,0,,,1,0,C,GA-only
orders/confirmed/2d484358-42cf-4dc8-955a-d51d2c227ca1,,0,0,,,1,0,C,GA-only
orders/confirmed/5f18bbd4-6ab9-4994-9d96-0765d83c9135,,0,0,,,1,0,C,GA-only
orders/confirmed/7b2f8f93-1c55-4914-ab09-c70db4a4ba55,,0,0,,,1,0,C,GA-only
orders/confirmed/7d56403a-329d-40f2-857e-d01067dda8c4,,0,0,,,1,0,C,GA-only
orders/confirmed/22187068-8d69-4a9f-b5be-531c4950fc70,,0,0,,,1,0,C,GA-only
orders/confirmed/7257c6ef-3171-449e-97eb-47c87d0b799e,,0,0,,,1,0,C,GA-only
orders/confirmed/2a19016d-546c-4834-896f-dc3c55d8f8e7,,0,0,,,1,0,C,GA-only
orders/confirmed/efdcafc1-a4a9-410b-8a10-c1f362cbab79,,0,0,,,1,0,C,GA-only
orders/confirmed/b22ea8e5-611a-48e9-9bcb-7ba35800d72b,,0,0,,,1,0,C,GA-only
orders/confirmed/87027581-2e54-465a-a1aa-9a3a12dc832a,,0,0,,,1,0,C,GA-only
orders/confirmed/9875d1e6-1a31-4b91-b738-f956c75bd87a,,0,0,,,1,0,C,GA-only
orders/confirmed/6651553f-4c50-41b3-a0f4-875e91f3419e,,0,0,,,1,0,C,GA-only
orders/confirmed/c7aa6ea3-18e3-4598-a9af-b34afda7af48,,0,0,,,1,0,C,GA-only
orders/confirmed/ceb4e817-57b3-4c6d-9ba0-c232ddcc518e,,0,0,,,1,0,C,GA-only
orders/confirmed/3770259d-de32-4455-b583-9a19afbe7fa0,,0,0,,,1,0,C,GA-only
orders/confirmed/49a8eb84-6bde-474f-b669-bafdedeeb538,,0,0,,,1,0,C,GA-only
black-friday-deal,,0,0,,,1,0,C,GA-only
orders/confirmed/d102d698-307e-432f-8508-80f831fd6d62,,0,0,,,1,0,C,GA-only
orders/confirmed/7b69836b-7240-4981-b737-fb8737170f3d,,0,0,,,1,0,C,GA-only
orders/confirmed/bf7f0b4c-2b78-4162-8e82-accf5d1028ce,,0,0,,,1,0,C,GA-only
orders/confirmed/4890f360-c100-4bd9-a559-79391061630c,,0,0,,,1,0,C,GA-only
orders/confirmed/7a930da1-f858-483b-8497-4d4a2dc66962,,0,0,,,1,0,C,GA-only
orders/failed/94240674-ea1b-4afe-aa85-d7c01f474227,,0,0,,,1,0,C,GA-only
orders/confirmed/40eff51b-97c8-4887-8e6c-9117ed688a01,,0,0,,,1,0,C,GA-only
orders/confirmed/c9efe439-c8e4-439f-ac85-9a488a5c58f8,,0,0,,,1,0,C,GA-only
orders/confirmed/9f7477b4-8ee5-4b43-9c2f-a36c29c879ed,,0,0,,,1,0,C,GA-only
orders/confirmed/ed4da904-d067-4951-bb8e-c3e2ff203611,,0,0,,,1,0,C,GA-only
orders/confirmed/3c083595-6d36-46d8-a7f4-43da5756b213,,0,0,,,1,0,C,GA-only
orders/confirmed/05263070-f90f-415b-a437-fe62264a3532,,0,0,,,1,0,C,GA-only
redirect,,0,0,,,1,0,C,GA-only
orders/confirmed/b7755349-f3b4-4ace-aa56-dc97611eb8bd,,0,0,,,1,0,C,GA-only
orders/confirmed/45f4080c-0cc1-454b-ac1e-2a9e96666c2d,,0,0,,,1,0,C,GA-only
orders/confirmed/8fa1bd68-efd3-4924-a4d9-e611b8a8814a,,0,0,,,1,0,C,GA-only
orders/confirmed/1d21f736-375d-4448-b7db-f65f34030b9f,,0,0,,,1,0,C,GA-only
orders/confirmed/bcb3a92b-e08e-4c20-80fd-b34ba27c04bc,,0,0,,,1,0,C,GA-only
orders/confirmed/f4ccb410-d526-4480-bcf0-85205b4297ff,,0,0,,,1,0,C,GA-only
orders/confirmed/a97dab9c-eb75-43ad-b7b0-ccbbb942e88b,,0,0,,,1,0,C,GA-only
open.php,,0,0,,,1,0,C,GA-only
orders/confirmed/8bfd911e-ac65-4fcc-bb5e-6a379f68b7e1,,0,0,,,1,0,C,GA-only
orders/confirmed/b7229628-ec78-4528-ae56-c3e0da9ab998,,0,0,,,1,0,C,GA-only
orders/confirmed/f1d5cd2d-d528-4879-8e00-6ffbdbff28db,,0,0,,,1,0,C,GA-only
orders/confirmed/5f38208c-1fe7-4838-afaf-36089a9e3b3b,,0,0,,,1,0,C,GA-only
orders/confirmed/3a334646-6c60-4624-bd8c-d168937d862c,,0,0,,,1,0,C,GA-only
orders/confirmed/dd68af09-d2e3-4724-b678-d057192f87a3,,0,0,,,1,0,C,GA-only
orders/confirmed/6f39a9e1-107e-4d25-b724-46eaf0a8ddb7,,0,0,,,1,0,C,GA-only
orders/confirmed/9ffabd69-2e9e-4d29-951b-8afd1335b3c9,,0,0,,,1,0,C,GA-only
orders/confirmed/9d9fc549-bea6-458c-aa84-130ccb9b9e1c,,0,0,,,1,0,C,GA-only
orders/confirmed/795e33b8-6e2c-4252-af4d-d5f19a3fdfa5,,0,0,,,1,0,C,GA-only
orders/confirmed/00aad670-5afa-4765-9b3c-3bf906d05c42,,0,0,,,1,0,C,GA-only
orders/confirmed/04af36c7-4e38-426c-91e6-9c2c77d48eb9,,0,0,,,1,0,C,GA-only
orders/confirmed/37d6bf30-8250-45ce-b957-e0f0d7d091b3,,0,0,,,1,0,C,GA-only
orders/confirmed/5e834151-44a9-4217-982e-428afee52bd4,,0,0,,,1,0,C,GA-only
orders/confirmed/987b47e1-828e-4003-a7fe-9a8935a15483,,0,0,,,1,0,C,GA-only
orders/confirmed/a9dea836-518d-4c0c-8a07-471b1ade7ec9,,0,0,,,1,0,C,GA-only
orders/confirmed/83f47280-619b-4e9b-a166-ae11b85fe6d4,,0,0,,,1,0,C,GA-only
orders/confirmed/b19a90ee-459b-479e-a533-d723e2569a63,,0,0,,,1,0,C,GA-only
orders/confirmed/e36a614a-044f-4e4e-b531-6e986d481079,,0,0,,,1,0,C,GA-only
orders/confirmed/1196c1ac-d49a-4770-99d0-26ae36ac6077,,0,0,,,1,0,C,GA-only
orders/failed/9448f2c0-c58a-4f3c-98ad-f7adfab5b729,,0,0,,,1,0,C,GA-only
orders/confirmed/2cf06152-f555-465c-995c-db3d696d6504,,0,0,,,1,0,C,GA-only
orders/confirmed/45dc1429-ccbc-4a00-b6b4-f3df1974ee82,,0,0,,,1,0,C,GA-only
orders/confirmed/0c5e14fd-9e53-4127-a4b2-d42ad5d93b25,,0,0,,,1,0,C,GA-only
orders/failed/cebf9de4-c3ad-4af6-8482-7c204ba24e26,,0,0,,,1,0,C,GA-only
orders/confirmed/eb5847f3-7501-4f7d-925b-78b919cb0c5a,,0,0,,,1,0,C,GA-only
orders/confirmed/eddd539f-0bd0-4cdb-b3bb-bdf4875ddc76,,0,0,,,1,0,C,GA-only
orders/confirmed/d27e7566-20eb-4b2e-a407-53ac989a594b,,0,0,,,1,0,C,GA-only
orders/confirmed/8e50c512-2dec-40cd-8f0a-22c2a619dda0,,0,0,,,1,0,C,GA-only
orders/failed/0b0d8494-1ab8-4c9c-a0ee-98b120c46911,,0,0,,,1,0,C,GA-only
orders/confirmed/cd769795-d526-41a8-97c4-fae95f1ca122,,0,0,,,1,0,C,GA-only
orders/confirmed/ff4993be-5a9c-4538-880c-98d408f6b6a9,,0,0,,,1,0,C,GA-only
orders/confirmed/cc4e63ae-cbeb-48d0-baab-8aa84a6b0350,,0,0,,,1,0,C,GA-only
orders/confirmed/09118dce-6a69-4f2b-bfea-96c99c9ebd5d,,0,0,,,1,0,C,GA-only
pianoles-betalen,,0,0,,,1,0,C,GA-only
orders/confirmed/b1adfe22-e787-4d24-a49c-b05121d84f12,,0,0,,,1,0,C,GA-only
orders/confirmed/2e005874-16c1-4164-9ef4-2d409ebd52c3,,0,0,,,1,0,C,GA-only
orders/confirmed/4f72de0c-534b-4b2d-9c12-7b9c4e2dae93,,0,0,,,1,0,C,GA-only
orders/confirmed/3744b950-a394-4a64-8a30-9df988bd56f0,,0,0,,,1,0,C,GA-only
preview/upsell/upsell-omc,,0,0,,,1,0,C,GA-only
orders/confirmed/023e780c-83ab-4c25-a527-28b99d5e11ed,,0,0,,,1,0,C,GA-only
orders/confirmed/6dfd9f97-6d98-4e86-a33c-b8d7d24130cc,,0,0,,,1,0,C,GA-only
orders/confirmed/5c6ebea5-be15-4591-9703-f4876b4b5aab,,0,0,,,1,0,C,GA-only
orders/confirmed/72a87057-77e5-4f91-b300-ca0adc4e3b0f,,0,0,,,1,0,C,GA-only
orders/confirmed/f4c254f3-60b5-4d93-bb8f-828732b5883c,,0,0,,,1,0,C,GA-only
orders/confirmed/7cd33cc7-3596-4329-ad4f-6a910b5f6638,,0,0,,,1,0,C,GA-only
orders/confirmed/b0f4c5b9-14f3-4621-82fb-98ee9f019043,,0,0,,,1,0,C,GA-only
orders/confirmed/b7ef801f-a3fb-471b-92ee-a83a39869014,,0,0,,,1,0,C,GA-only
orders/confirmed/1a7096db-bfff-4115-84a7-7f274ab2ebdd,,0,0,,,1,0,C,GA-only
orders/confirmed/a62b12c2-c6af-47d1-b397-7e4765784970,,0,0,,,1,0,C,GA-only
orders/confirmed/1eb55923-d5cf-42d6-8ee9-9162a3b54b83,,0,0,,,1,0,C,GA-only
orders/confirmed/f1904f85-de5b-4cc0-bcb5-6a2b2f8bed20,,0,0,,,1,0,C,GA-only
orders/confirmed/c53b863c-8f75-459c-b99a-506c5a36531d,,0,0,,,1,0,C,GA-only
orders/confirmed/33839d3f-3e0d-4cd5-85c4-5028d4fcad18,,0,0,,,1,0,C,GA-only
orders/confirmed/32cdbac0-319a-4226-9281-0cbdd4012fbc,,0,0,,,1,0,C,GA-only
orders/confirmed/56ffa701-0836-4424-bdda-15cdcb816096,,0,0,,,1,0,C,GA-only
wp-content/upload_folders/onlinemuziekcursus.nl/Stembereik-zangers.png,https://onlinemuziekcursus.nl/wp-content/upload_folders/onlinemuziekcursus.nl/Stembereik-zangers.png,0,1,0.0,5.0,0,0,C,GSC-only:reproduceren-of-301
nl/muziek-les/muziektheorie,https://onlinemuziekcursus.nl/nl/muziek-les/muziektheorie/,0,1,0.0,2.0,0,0,C,GSC-only:reproduceren-of-301
wp-content/upload_folders/onlinemuziekcursus.nl/Hoe-werkt-de-lax-vox-methode.gif,https://onlinemuziekcursus.nl/wp-content/upload_folders/onlinemuziekcursus.nl/Hoe-werkt-de-lax-vox-methode.gif,0,1,0.0,13.0,0,0,C,GSC-only:reproduceren-of-301
wp-content/upload_folders/onlinemuziekcursus.nl/afbeelding-blog.png,https://onlinemuziekcursus.nl/wp-content/upload_folders/onlinemuziekcursus.nl/afbeelding-blog.png,0,1,0.0,27.0,0,0,C,GSC-only:reproduceren-of-301
wp-content/upload_folders/onlinemuziekcursus.nl/Gitaar-noten-153x300.png,https://onlinemuziekcursus.nl/wp-content/upload_folders/onlinemuziekcursus.nl/Gitaar-noten-153x300.png,0,23,0.0,15.7,0,0,C,GSC-only:reproduceren-of-301
wp-content/upload_folders/onlinemuziekcursus.nl/Bladmuziek-voor-drummers.jpg,https://onlinemuziekcursus.nl/wp-content/upload_folders/onlinemuziekcursus.nl/Bladmuziek-voor-drummers.jpg,0,1,0.0,24.0,0,0,C,GSC-only:reproduceren-of-301
gitaarakkoorden/amp,https://onlinemuziekcursus.nl/gitaarakkoorden/amp/,0,1,0.0,11.0,0,0,C,GSC-only:reproduceren-of-301
wp-content/upload_folders/onlinemuziekcursus.nl/Ritme-spelen-voor-pianisten.jpg,https://onlinemuziekcursus.nl/wp-content/upload_folders/onlinemuziekcursus.nl/Ritme-spelen-voor-pianisten.jpg,0,1,0.0,25.0,0,0,C,GSC-only:reproduceren-of-301
wp-content/upload_folders/onlinemuziekcursus.nl/Onderdelen-van-de-elektrische-gitaar.jpg,https://onlinemuziekcursus.nl/wp-content/upload_folders/onlinemuziekcursus.nl/Onderdelen-van-de-elektrische-gitaar.jpg,0,13,0.0,17.1,0,0,C,GSC-only:reproduceren-of-301
wp-content/upload_folders/onlinemuziekcursus.nl/Wat-heb-je-nodig-om-te-kunnen-werken-met-de-lax-vox-methode..png,https://onlinemuziekcursus.nl/wp-content/upload_folders/onlinemuziekcursus.nl/Wat-heb-je-nodig-om-te-kunnen-werken-met-de-lax-vox-methode..png,0,2,0.0,3.0,0,0,C,GSC-only:reproduceren-of-301
online-gitaarschool,https://onlinemuziekcursus.nl/online-gitaarschool/,0,4,0.0,11.8,0,0,C,GSC-only:reproduceren-of-301
