slug,url,status,title,metadesc,canonical,robots,h1,n_headings,woorden
,https://onlinemuziekcursus.nl/,200,Online muzieklessen | OnlineMuziekCursus.nl - Muziekschool,Profiteer met onze online muzieklessen van professioneel lesmateriaal dat je bekijkt wanneer jij wilt. Bestel online muzieklessen en leer op je eigen tempo.,https://onlinemuziekcursus.nl/,"index, follow",De grootste online muziekschool van Nederland,29,689
affiliate-programma,https://onlinemuziekcursus.nl/affiliate-programma/,200,Affiliate programma - Online Muziek Cursus,"Wil jij als affiliate geld verdienen met onze cursussen, meld je dan snel aan en start met het promoten van onze muziekcursussen.",https://onlinemuziekcursus.nl/affiliate-programma/,"index, follow",,5,623
affiliates,https://onlinemuziekcursus.nl/affiliates/,200,Affiliate programma van online muziek cursus,"Affiliate programma, ontvang als affiliate 50% commissie per verkochte cursus.",https://onlinemuziekcursus.nl/affiliates/,"index, follow",Zullen wij jou elke maand betalen?,13,640
algemene-voorwaarden,https://onlinemuziekcursus.nl/algemene-voorwaarden/,200,Algemene voorwaarden,Algemene voorwaarden,https://onlinemuziekcursus.nl/algemene-voorwaarden/,"index, follow",Algemene voorwaarden,2,324
anti-spam-beleid,https://onlinemuziekcursus.nl/anti-spam-beleid/,200,Anti spam beleid - OnlineMuziekCursus.nl,Anti spam beleid,https://onlinemuziekcursus.nl/anti-spam-beleid/,"index, follow",,4,231
author/johan-koelewijn,https://onlinemuziekcursus.nl/author/johan-koelewijn/,200,Johan Koelewijn - ONLINEMUZIEKCURSUS.NL,,https://onlinemuziekcursus.nl/author/johan-koelewijn/,"index, follow",Johan Koelewijn,3,234
basgitaarles,https://onlinemuziekcursus.nl/basgitaarles/,200,Basgitaar spelen - OnlineMuziekCursus.nl,Leer online basgitaar spelen en volg de lessen wanneer het jou uitkomt. Bestel deze cursus en profiteer onder andere van HD video’s en onbeperkte toegang.,https://onlinemuziekcursus.nl/basgitaarles/,"index, follow",Basgitaar leren spelen wanneer het jou uitkomt?,28,1383
blog,https://onlinemuziekcursus.nl/blog/,200,Online Muziek Cursus,,https://onlinemuziekcursus.nl/blog/,"index, follow",Blogs,2,179
compositie-songwriting,https://onlinemuziekcursus.nl/compositie-songwriting/,200,Compositie / songwriting - OnlineMuziekCursus.nl,Compositie en songwriting - Wil je je eigen muziek gaan maken? Met de lessen Compositie help ik je op weg om die droom waar te maken.,https://onlinemuziekcursus.nl/compositie-songwriting/,"index, follow",Wil je je eigen muziek gaan maken? Met de lessen Compositie/songwriting help ik je op weg om die droom waar te maken.,10,338
contact,https://onlinemuziekcursus.nl/contact/,200,Contact - Online Muziek Cursus,"We komen graag met je in contact, dus laat wat van je horen.",https://onlinemuziekcursus.nl/contact/,"index, follow","Wees geen vreemde, laat van je horen!",3,98
cursussen,https://onlinemuziekcursus.nl/cursussen/,200,14 verschillende online muziek cursussen - Onlinemuziekcursus.nl,"Online muziekcursussen: gitaarcursus, pianocursus, zangcursus, drumcursus, ukelele cursus, basgitaar cursus, on nog veel meer. Leer stap voor stap een instrument bespelen.",https://onlinemuziekcursus.nl/cursussen/,"index, follow",Onze cursussen:,18,178
dirigeren,https://onlinemuziekcursus.nl/dirigeren/,200,Leren dirigeren - OnlineMuziekCursus.nl,Leren dirigeren - na deze cursus weet je alles over dirigeren en kun je zelf aan de slag. Kijk snel voor meer info,https://onlinemuziekcursus.nl/dirigeren/,"index, follow","Leren dirigeren, een introductie tot het vak van de dirigent",10,361
disclaimer,https://onlinemuziekcursus.nl/disclaimer/,200,Disclaimer - Online Muziek Cursus,Disclaimer,https://onlinemuziekcursus.nl/disclaimer/,"index, follow",,5,453
drumles,https://onlinemuziekcursus.nl/drumles/,200,Online drumles - OnlineMuziekCursus.nl,Leer snel drummen met online drumles. Je leert van ervaren professionals en je bekijkt de lessen wanneer je wilt. Bestel dus nu deze geweldige cursus.,https://onlinemuziekcursus.nl/drumles/,"index, follow",Leren drummen wanneer het jou uitkomt?,27,1270
drumstel,https://onlinemuziekcursus.nl/drumstel/,200,Drumles,,https://onlinemuziekcursus.nl/drumstel/,"index,follow",Drumles,2,54
elektrische-gitaar-leren-spelen,https://onlinemuziekcursus.nl/elektrische-gitaar-leren-spelen/,200,Elektrische gitaar leren spelen | Online Muziek Cursus,Iedereen kan elektrische gitaar leren spelen dankzij onze online cursussen. Bestel de cursus en krijg levenslang toegang tot professioneel lesmateriaal.,https://onlinemuziekcursus.nl/elektrische-gitaar-leren-spelen,"index, follow",Elektrische gitaar leren spelen,10,432
gitaar-en-aanbidding,https://onlinemuziekcursus.nl/gitaar-en-aanbidding/,200,Online Gitaar&Aanbidding lessen - OnlineMuziekCursus.nl,Droom jij ervan geweldige aanbiddingsnummers op je gitaar te kunnen spelen? Waar wacht je nog op?! Binnen enkele weken de technieken onder de knie.,https://onlinemuziekcursus.nl/gitaar-en-aanbidding/,"index, follow",De mooiste aanbiddingsliederen leren spelen op je gitaar?,27,1194
gitaar-noten-leren,https://onlinemuziekcursus.nl/gitaar-noten-leren/,200,Gitaar noten leren | Online Muziek Cursus,Wil jij voor de gitaar noten leren lezen? Dankzij onze voordelige online cursus leer je op jouw manier. Bestel de cursus en begin meteen met leren.,https://onlinemuziekcursus.nl/gitaar-noten-leren,"index, follow",Jij kunt met je gitaar noten leren lezen,10,368
gitaar-snaren-namen,https://onlinemuziekcursus.nl/gitaar-snaren-namen/,200,Gitaar snaren namen | Online Muziek Cursus,Om je gitaar te stemmen moet je de snaren met behulp van hun namen onderscheiden. Dankzij onze cursus heb je dit snel geleerd. Bestel de cursus en begin.,https://onlinemuziekcursus.nl/gitaar-snaren-namen,"index, follow",Leer de gitaar kennen met de snaren en hun namen,10,390
gitaar,https://onlinemuziekcursus.nl/gitaar/,200,Gitaarles,,https://onlinemuziekcursus.nl/gitaar/,"index,follow",Gitaarles,2,142
gitaarakkoorden-leren-spelen,https://onlinemuziekcursus.nl/gitaarakkoorden-leren-spelen/,200,Gitaar akkoorden leren,"Dankzij dit handige overzicht kun jij snel op je gitaar akkoorden leren spelen. Wanneer je deze akkoorden beheerst, bestel je hier ook leuke cursussen.",https://onlinemuziekcursus.nl/gitaarakkoorden-leren-spelen/,"index, follow",Gitaarakkoorden leren spelen,7,971
gitaarakkoorden-leren-spelen/a-akkoord-gitaar,https://onlinemuziekcursus.nl/gitaarakkoorden-leren-spelen/a-akkoord-gitaar/,200,"A akkoord gitaar, Bekijk hier de video en akkoorddiagram","Het A akkoord is één van de basisakkoorden. Wat is het A akkoord precies, hoe speel je het en welke verschillende vormen zijn er? (video + akkoorddiagram)",https://onlinemuziekcursus.nl/gitaarakkoorden-leren-spelen/a-akkoord-gitaar/,"index, follow",A akkoord gitaar,7,678
gitaarakkoorden-leren-spelen/a7-akkoord-gitaar,https://onlinemuziekcursus.nl/gitaarakkoorden-leren-spelen/a7-akkoord-gitaar/,200,A7 akkoord gitaar,Wil je graag meer weten over het A7 akkoord voor de gitaar? Lees dan ons artikel! In onze kennisbank vind je nog veel meer gitaarakkoorden.,https://onlinemuziekcursus.nl/gitaarakkoorden-leren-spelen/a7-akkoord-gitaar/,"index, follow",A7 akkoord gitaar,5,754
gitaarakkoorden-leren-spelen/am-akkoord-gitaar-a-mineur,https://onlinemuziekcursus.nl/gitaarakkoorden-leren-spelen/am-akkoord-gitaar-a-mineur/,200,Am akkoord gitaar (A mineur),"Ben je benieuwd hoe je bepaalde gitaarakkoorden speelt? In onze kennisbank vindt je alle gitaarakkoorden, waaronder het Am (A mineur) gitaarakkoord!",https://onlinemuziekcursus.nl/gitaarakkoorden-leren-spelen/am-akkoord-gitaar-a-mineur/,"index, follow",Am akkoord gitaar (A mineur),6,761
gitaarakkoorden-leren-spelen/am7-akkoord-gitaar,https://onlinemuziekcursus.nl/gitaarakkoorden-leren-spelen/am7-akkoord-gitaar/,200,Am7 akkoord gitaar,Heb je al wat gitaarakkoorden geleerd en ben je benieuwd hoe je het Am7 akkoord op de gitaar speelt? Lees dan eens ons artikel en bekijk ook eens de overige gitaarakkoorden in onze kennisbank!,https://onlinemuziekcursus.nl/gitaarakkoorden-leren-spelen/am7-akkoord-gitaar/,"index, follow",Am7 akkoord gitaar,5,873
gitaarakkoorden-leren-spelen/b-akkoord-gitaar,https://onlinemuziekcursus.nl/gitaarakkoorden-leren-spelen/b-akkoord-gitaar/,200,B Akkoord Gitaar (Video + Akkoord Diagram) | OnlineMuziekCursus.nl,Om een B akkoord goed te kunnen spelen zul je met je wijsvinger meerdere snaren tegelijkertijd in moeten drukken. Bekijk hier de video met akkoord diagram,https://onlinemuziekcursus.nl/gitaarakkoorden-leren-spelen/b-akkoord-gitaar/,"index, follow",B akkoord gitaar,7,753
gitaarakkoorden-leren-spelen/b7-akkoord-gitaar,https://onlinemuziekcursus.nl/gitaarakkoorden-leren-spelen/b7-akkoord-gitaar/,200,B7 akkoord gitaar,Wil je graag het B7 akkoord op de gitaar leren spelen? Lees dan eens ons artikel! Ook vind je in onze kennisbank nog veel meer gitaarakoorden!,https://onlinemuziekcursus.nl/gitaarakkoorden-leren-spelen/b7-akkoord-gitaar/,"index, follow",B7 akkoord gitaar,5,870
gitaarakkoorden-leren-spelen/bm-akkoord-gitaar-b-mineur,https://onlinemuziekcursus.nl/gitaarakkoorden-leren-spelen/bm-akkoord-gitaar-b-mineur/,200,Bm akkoord gitaar (B mineur),Wil je gitaarakkoorden leren spelen? In onze kennisbank vind je alle gitaarakkoorden zoals bijvoorbeeld het Bm gitaar akkoord!,https://onlinemuziekcursus.nl/gitaarakkoorden-leren-spelen/bm-akkoord-gitaar-b-mineur/,"index, follow",Bm akkoord gitaar (B mineur),6,632
gitaarakkoorden-leren-spelen/bm7-akkoord-gitaar,https://onlinemuziekcursus.nl/gitaarakkoorden-leren-spelen/bm7-akkoord-gitaar/,200,Bm7 akkoord gitaar,Wil je meer weten over het Bm7 akkoord en hoe je deze op de gitaar speelt? Lees dan ons artikel! Bekijk ook eens onze kennisbank voor nog meer gitaarakkoorden.,https://onlinemuziekcursus.nl/gitaarakkoorden-leren-spelen/bm7-akkoord-gitaar/,"index, follow",Bm7 akkoord gitaar,4,909
gitaarakkoorden-leren-spelen/c-akkoord-gitaar,https://onlinemuziekcursus.nl/gitaarakkoorden-leren-spelen/c-akkoord-gitaar/,200,"C akkoord gitaar, akkoord diagram + video | OnlineMuziekCursus.nl","Het C-akkoord, een belangrijk basisakkoord in de muziek. Ook in de gitaarmuziek is het C-akkoord vaak een onderdeel van de basis, bekijk hier de video....",https://onlinemuziekcursus.nl/gitaarakkoorden-leren-spelen/c-akkoord-gitaar/,"index, follow",C akkoord gitaar,5,541
gitaarakkoorden-leren-spelen/c7-akkoord-gitaar,https://onlinemuziekcursus.nl/gitaarakkoorden-leren-spelen/c7-akkoord-gitaar/,200,C7 akkoord gitaar,Ben je al een tijdje de akkoorden voor de gitaar aan het leren en ben je toe om het C7 akkoord te leren? Lees dan ons artikel! In onze kennisbank vind je overigens nog meer gitaarakkoorden!,https://onlinemuziekcursus.nl/gitaarakkoorden-leren-spelen/c7-akkoord-gitaar/,"index, follow",C7 akkoord gitaar,5,648
gitaarakkoorden-leren-spelen/cm-akkoord-gitaar-c-mineur,https://onlinemuziekcursus.nl/gitaarakkoorden-leren-spelen/cm-akkoord-gitaar-c-mineur/,200,Cm gitaar akkoord (C mineur),Wil je gitaarakkoorden leren spelen? Bekijk dan eens onze kennisbank van gitaarakkoorden! Hier vind je het Cm akkoord en alle andere akkoorden.,https://onlinemuziekcursus.nl/gitaarakkoorden-leren-spelen/cm-akkoord-gitaar-c-mineur/,"index, follow",Cm akkoord gitaar (C mineur),5,465
gitaarakkoorden-leren-spelen/cm7-akkoord-gitaar,https://onlinemuziekcursus.nl/gitaarakkoorden-leren-spelen/cm7-akkoord-gitaar/,200,Cm7 akkoord gitaar,Wil je het Cm7 akkoord op de gitaar leren spelen? Dan ben je hier aan het juiste adres! Bekijk ook eens onze overige artikelen over gitaarakkoorden in onze kennisbank!,https://onlinemuziekcursus.nl/gitaarakkoorden-leren-spelen/cm7-akkoord-gitaar/,"index, follow",Cm7 akkoord gitaar,4,613
gitaarakkoorden-leren-spelen/d-akkoord-gitaar,https://onlinemuziekcursus.nl/gitaarakkoorden-leren-spelen/d-akkoord-gitaar/,200,D Akkoord Gitaar (Video + Akkoord Diagram) | OnlineMuziekCursus.nl,"Om het D akkoord probleemloos te leren spelen, is het belangrijk dat je je vingers op de juiste manier neerzet. Bekijk hier de video over het D akkoord.",https://onlinemuziekcursus.nl/gitaarakkoorden-leren-spelen/d-akkoord-gitaar/,"index, follow",D akkoord gitaar,5,433
gitaarakkoorden-leren-spelen/d7-akkoord-gitaar,https://onlinemuziekcursus.nl/gitaarakkoorden-leren-spelen/d7-akkoord-gitaar/,200,D7 akkoord gitaar,Wil je het D7 akkoord op de gitaar leren? Lees dan eens ons artikel! Ook hebben wij in onze kennisbank nog veel meer gitaarakkoorden klaarstaan!,https://onlinemuziekcursus.nl/gitaarakkoorden-leren-spelen/d7-akkoord-gitaar/,"index, follow",D7 akkoord gitaar,5,747
gitaarakkoorden-leren-spelen/dm-akkoord-gitaar-d-mineur,https://onlinemuziekcursus.nl/gitaarakkoorden-leren-spelen/dm-akkoord-gitaar-d-mineur/,200,Dm akkoord gitaar (D mineur),Wil je het Dm akkoord (D mineur) op de gitaar leren spelen? Lees dan eens dit artikel! Ook vind je nog veel meer gitaarakkoorden in onze kennisbank.,https://onlinemuziekcursus.nl/gitaarakkoorden-leren-spelen/dm-akkoord-gitaar-d-mineur/,"index, follow",Dm akkoord gitaar (D mineur),6,733
gitaarakkoorden-leren-spelen/dm7-akkoord-gitaar,https://onlinemuziekcursus.nl/gitaarakkoorden-leren-spelen/dm7-akkoord-gitaar/,200,Dm7 akkoord gitaar,Wil je weten hoe je het Dm7 akkoord speelt op de gitaar? Lees dan eens ons artikel! Lees ook onze overige artikelen over gitaarakkoorden in onze kennisbank!,https://onlinemuziekcursus.nl/gitaarakkoorden-leren-spelen/dm7-akkoord-gitaar/,"index, follow",Dm7 akkoord gitaar,7,826
gitaarakkoorden-leren-spelen/e-akkoord-gitaar,https://onlinemuziekcursus.nl/gitaarakkoorden-leren-spelen/e-akkoord-gitaar/,200,E akkoord gitaar | OnlineMuziekCursus.nl,E akkoord op de gitaar leren spelen bekijk hier het akkoord diagram met duidelijke video over het E akkoord.,https://onlinemuziekcursus.nl/gitaarakkoorden-leren-spelen/e-akkoord-gitaar/,"index, follow",E akkoord gitaar,6,485
gitaarakkoorden-leren-spelen/e7-akkoord-gitaar,https://onlinemuziekcursus.nl/gitaarakkoorden-leren-spelen/e7-akkoord-gitaar/,200,E7 akkoord gitaar,Ben je benieuwd hoe je het E7 akkoord speelt op de gitaar? In ons artikel leggen we je alles uit! Ook vind je in onze kennisbank nog veel meer gitaarakkoorden!,https://onlinemuziekcursus.nl/gitaarakkoorden-leren-spelen/e7-akkoord-gitaar/,"index, follow",E7 akkoord gitaar,4,733
gitaarakkoorden-leren-spelen/em-akkoord-gitaar-e-mineur,https://onlinemuziekcursus.nl/gitaarakkoorden-leren-spelen/em-akkoord-gitaar-e-mineur/,200,Em akkoord gitaar (E mineur),Wil je gitaar leren spelen en gitaarakkoorden oefenen zoals het Em akkoord (E mineur)? Bekijk dan eens onze kennisbank gitaarakkoorden!,https://onlinemuziekcursus.nl/gitaarakkoorden-leren-spelen/em-akkoord-gitaar-e-mineur/,"index, follow",Em akkoord gitaar (E mineur),4,728
gitaarakkoorden-leren-spelen/em7-akkoord-gitaar,https://onlinemuziekcursus.nl/gitaarakkoorden-leren-spelen/em7-akkoord-gitaar/,200,Em7 akkoord gitaar,Ben je benieuwd hoe je het Em7 akkoord speelt? Lees dan eens ons artikel! In onze kennisbank vind je nog veel meer gitaarakkoorden!,https://onlinemuziekcursus.nl/gitaarakkoorden-leren-spelen/em7-akkoord-gitaar/,"index, follow",Em7 akkoord gitaar,4,902
gitaarakkoorden-leren-spelen/f-akkoord-gitaar,https://onlinemuziekcursus.nl/gitaarakkoorden-leren-spelen/f-akkoord-gitaar/,200,F Akkoord Gitaar - OnlineMuziekCursus.nl,"Hoe pak ik eenF akkoord? F is een barré-akkoord, dat wil zeggen dat je met één vinger alle snaren indrukt. Je wijsvinger plaats je over de gehele breedte van de eerste fret....",https://onlinemuziekcursus.nl/gitaarakkoorden-leren-spelen/f-akkoord-gitaar/,"index, follow",F akkoord gitaar,7,725
gitaarakkoorden-leren-spelen/f7-akkoord-gitaar,https://onlinemuziekcursus.nl/gitaarakkoorden-leren-spelen/f7-akkoord-gitaar/,200,F7 akkoord gitaar,Wil je het F7 akkoord op de gitaar leren spelen? Lees dan eens ons artikel! Ook vind je in onze kennisbank meer gitaarakkoorden!,https://onlinemuziekcursus.nl/gitaarakkoorden-leren-spelen/f7-akkoord-gitaar/,"index, follow",F7 akkoord gitaar,5,726
gitaarakkoorden-leren-spelen/fm-akkoord-gitaar-f-mineur,https://onlinemuziekcursus.nl/gitaarakkoorden-leren-spelen/fm-akkoord-gitaar-f-mineur/,200,Fm akkoord gitaar (F mineur),"Ben je benieuwd hoe je het gitaarakkoord Fm, ofwel F mineur speelt? In onze kennisbank vind je alle gitaarakkoorden om snel alle akkoorden te kunnen leren!",https://onlinemuziekcursus.nl/gitaarakkoorden-leren-spelen/fm-akkoord-gitaar-f-mineur/,"index, follow",Fm akkoord gitaar (F mineur),4,616
gitaarakkoorden-leren-spelen/fm7-akkoord,https://onlinemuziekcursus.nl/gitaarakkoorden-leren-spelen/fm7-akkoord/,200,Fm7 akkoord gitaar,Wil je het Fm7 akkoord in de vingers krijgen? Lees dan eens ons artikel. In onze kennisbank vind je nog veel meer gitaarakkoorden!,https://onlinemuziekcursus.nl/gitaarakkoorden-leren-spelen/fm7-akkoord/,"index, follow",Fm7 akkoord gitaar,6,733
gitaarakkoorden-leren-spelen/g-akkoord-gitaar,https://onlinemuziekcursus.nl/gitaarakkoorden-leren-spelen/g-akkoord-gitaar/,200,G Akkoord Gitaar - OnlineMuziekCursus.nl,Het G akkoord van de gitaar is een belangrijk basisakkoord. Bekijk hier hoe je het G akkoord speelt met video en akkoorddiagram...,https://onlinemuziekcursus.nl/gitaarakkoorden-leren-spelen/g-akkoord-gitaar/,"index, follow",G akkoord gitaar,5,587
gitaarakkoorden-leren-spelen/g7-akkoord-gitaar,https://onlinemuziekcursus.nl/gitaarakkoorden-leren-spelen/g7-akkoord-gitaar/,200,G7 akkoord gitaar,Ben je benieuwd hoe je het G7 akkoord op de gitaar speelt? Lees dan eens ons artikel! In onze kennisbank vind je overigens nog veel meer gitaarakkoorden!,https://onlinemuziekcursus.nl/gitaarakkoorden-leren-spelen/g7-akkoord-gitaar/,"index, follow",G7 akkoord gitaar,6,777
gitaarakkoorden-leren-spelen/gm-akkoord-gitaar-g-mineur,https://onlinemuziekcursus.nl/gitaarakkoorden-leren-spelen/gm-akkoord-gitaar-g-mineur/,200,Gm akkoord gitaar (G mineur),Ben je benieuwd hoe je het Gm akkoord (G mineur) op de gitaar speelt? Bekijk dan eens dit artikel! Bovendien vind je in onze kennisbank nog veel meer gitaarakkoorden.,https://onlinemuziekcursus.nl/gitaarakkoorden-leren-spelen/gm-akkoord-gitaar-g-mineur/,"index, follow",Gm akkoord gitaar (G mineur),5,870
gitaarakkoorden-leren-spelen/gm7-akkoord-gitaar,https://onlinemuziekcursus.nl/gitaarakkoorden-leren-spelen/gm7-akkoord-gitaar/,200,Gm7 akkoord gitaar,Ben je benieuwd hoe je het Gm7 akkoord speelt? Lees dan eens ons artikel! Bekijk ook onze overige artikelen in onze kennisbank van gitaarakkoorden!,https://onlinemuziekcursus.nl/gitaarakkoorden-leren-spelen/gm7-akkoord-gitaar/,"index, follow",Gm7 akkoord gitaar,7,1134
gitaarles,https://onlinemuziekcursus.nl/gitaarles/,200,Online gitaarlessen - OnlineMuziekCursus.nl,Volg bij ons professionele online gitaarlessen en leer wanneer het jou uitkomt. Bestel de cursus en profiteer van levenslang toegang tot de lessen.,https://onlinemuziekcursus.nl/gitaarles,"index, follow",Gitaar leren spelen wanneer het jou uitkomt?,27,1463
gitaarlessen-online,https://onlinemuziekcursus.nl/gitaarlessen-online/,200,Gitaarlessen online | Online Muziekcursus.nl,Gitaarlessen online nodig? Online Muziekcursus.nl biedt lessen tegen een eenmalige prijs. ✅ Levenslang toegang tot lesmateriaal. ✅ 8000+ verkochte cursussen.,https://onlinemuziekcursus.nl/gitaarlessen-online/,"index, follow",Gitaarlessen online nodig?,26,1158
inzing-oefeningen,https://onlinemuziekcursus.nl/inzing-oefeningen/,200,Inzing oefeningen - OnlineMuziekCursus.nl,Leren tokkelen: Samen gaan we aan de slag met verschillende tokkeltechnieken en gaan we bekende tokkelnummers spelen.,https://onlinemuziekcursus.nl/inzing-oefeningen/,"index, follow",Wil je graag technisch aan de slag met je stem? Of ben je op zoek naar inzing oefeningen om je repetitie of optreden goed voor te bereiden? Dan vind je hier inzing oefeningen om je stem te trainen en op te warmen.,10,424
leren-tokkelen,https://onlinemuziekcursus.nl/leren-tokkelen/,200,Leren tokkelen - OnlineMuziekCursus.nl,Leren tokkelen: Samen gaan we aan de slag met verschillende tokkeltechnieken en gaan we bekende tokkelnummers spelen.,https://onlinemuziekcursus.nl/leren-tokkelen/,"index, follow",Heb je altijd al willen leren tokkelen? Leer de basis en de juiste technieken voor het tokkelen,10,351
muziekles-online,https://onlinemuziekcursus.nl/muziekles-online/,200,Online muziekles | Muziekles online - OnlineMuziekCursus.nl,"Start met een muziekles online. Online gitaarcursus, pianocursus, zangcursus, drumcursus, ukelele cursus. Start direct met een online gratis proefles!",https://onlinemuziekcursus.nl/muziekles-online/,"index, follow",Start met jouw muziekles online:,12,607
muziekles,https://onlinemuziekcursus.nl/muziekles/,200,Muziekles,,https://onlinemuziekcursus.nl/muziekles/,"index,follow",Muziekles,2,64
muziektheorie,https://onlinemuziekcursus.nl/muziektheorie/,200,Muziektheorie cursus - OnlineMuziekCursus.nl,In de muziektheorie cursus leer je alles over de muziek die je maakt en luistert. Laat je creatief inspireren door muziektheorie,https://onlinemuziekcursus.nl/muziektheorie/,"index, follow",Muziektheorie: Wil je meer weten over de muziek die je maakt en luistert?,10,372
noten-leren-lezen,https://onlinemuziekcursus.nl/noten-leren-lezen/,200,Noten leren lezen - OnlineMuziekCursus.nl,"Noten leren lezen, Na deze cursus ben je in staat om zelf aan de slag te gaan met het lezen van bladmuziek!",https://onlinemuziekcursus.nl/noten-leren-lezen/,"index, follow","Noten leren lezen, Na deze cursus ben je in staat om zelf aan de slag te gaan met het lezen van bladmuziek!",10,404
online-gitaar-leren-spelen,https://onlinemuziekcursus.nl/online-gitaar-leren-spelen/,200,Online gitaar leren spelen | Online Muziekcursus.nl,Jij kunt bij ons snel online gitaar leren spelen. Bekijk de lessen wanneer jij wilt en leer van de beste docenten. Bestel de cursus en begin meteen.,https://onlinemuziekcursus.nl/online-gitaar-leren-spelen/,"index, follow",Online gitaar leren spelen!,27,1242
online-gitaar-les,https://onlinemuziekcursus.nl/online-gitaar-les/,200,Online gitaar les | Online Muziekcursus.nl,Online gitaar les nodig? Online Muziekcursus.nl biedt lessen tegen een eenmalige prijs. ✅ Levenslang toegang tot lesmateriaal. ✅ 8000+ verkochte cursussen.,https://onlinemuziekcursus.nl/online-gitaar-les/,"index, follow",Online gitaar les,26,1139
online-gitaar-lessen,https://onlinemuziekcursus.nl/online-gitaar-lessen/,200,Online gitaar lessen | Online Muziekcursus.nl,Online gitaar lessen nodig? Online Muziekcursus.nl biedt lessen tegen een eenmalige prijs. ✅ Levenslang toegang tot lesmateriaal. ✅ 8000+ verkochte cursussen.,https://onlinemuziekcursus.nl/online-gitaar-lessen/,"index, follow",Online gitaar lessen,26,1119
online-piano-leren-spelen,https://onlinemuziekcursus.nl/online-piano-leren-spelen/,200,Online piano leren spelen - OnlineMuziekCursus.nl,Bij ons kun je voordelig online piano leren spelen. Bepaal zelf wanneer je lessen volgt en profiteer van unieke voordelen. Bestel nu en begin direct.,https://onlinemuziekcursus.nl/online-piano-leren-spelen/,"index, follow",Online piano leren spelen!,29,1527
online-piano-toetsenbord,https://onlinemuziekcursus.nl/online-piano-toetsenbord/,200,Online piano toetsenbord | Online Muziek Cursus,Bespeel een online piano met je toetsenbord. Oefen je muziekstukken of verken voor het eerst de piano. Contacteer ons voor advies over diverse software.,https://onlinemuziekcursus.nl/online-piano-toetsenbord,"index, follow",Online piano toetsenbord,10,343
online-pianoles-voor-beginners,https://onlinemuziekcursus.nl/online-pianoles-voor-beginners/,200,Online pianoles voor beginners | Online Muziek Cursus,Volg online pianoles voor beginners en leer stapsgewijs piano spelen dankzij video’s met duidelijke uitleg. Bestel de cursus en oefen wanneer jij wilt.,https://onlinemuziekcursus.nl/online-pianoles-voor-beginners,"index, follow",Online pianoles voor beginners,11,509
online-pianolessen,https://onlinemuziekcursus.nl/online-pianolessen/,200,Online pianolessen volgen - OnlineMuziekCursus.nl,Leer piano spelen met online pianolessen! Altijd beschikbaar. Volg online pianolessen. Leer binnen enkele weken alle basistechnieken met online pianolessen.,https://onlinemuziekcursus.nl/online-pianolessen/,"index, follow",Leer piano spelen met online pianolessen!,27,1395
over-ons,https://onlinemuziekcursus.nl/over-ons/,200,Over ons - Online Muziek Cursus,"Bij de Online Muziek Cursus verkopen we vele verschillende cursussen tegen een eenmalige betaling, en je hebt levenslang 24/7 toegang tot de muzieklessen.",https://onlinemuziekcursus.nl/over-ons/,"index, follow",Online Muziek Cursus,17,364
piano-leren-spelen-op-keyboard,https://onlinemuziekcursus.nl/piano-leren-spelen-op-keyboard/,200,Piano leren spelen op keyboard | Online Muziek Cursus,Wil jij piano leren spelen op jouw keyboard? Op onze website profiteer je van professionele lessen je die altijd kunt bekijken. Boek nu deze leuke cursus.,https://onlinemuziekcursus.nl/piano-leren-spelen-op-keyboard,"index, follow",Piano leren spelen op jouw keyboard,10,329
piano,https://onlinemuziekcursus.nl/piano/,200,Pianoles,,https://onlinemuziekcursus.nl/piano/,"index,follow",Pianoles,2,154
pianoles,https://onlinemuziekcursus.nl/pianoles/,200,Pianoles online - OnlineMuziekCursus.nl,Leer met onze pianoles online hoe je dit klassieke instrument bespeelt. Bestel nu deze cursus en profiteer van professioneel lesmateriaal.,https://onlinemuziekcursus.nl/pianoles/,"index, follow",Online piano leren spelen wanneer het jou uitkomt?,30,1703
pianolessen-online,https://onlinemuziekcursus.nl/pianolessen-online/,200,Pianolessen online volgen - OnlineMuziekCursus.nl,Pianolessen online volgen! Altijd beschikbaar. Volg altijd pianolessen online. Leer binnen enkele weken alle basistechnieken met onze pianolessen online.,https://onlinemuziekcursus.nl/pianolessen-online/,"index, follow",Leer piano spelen met pianolessen online!,27,1473
privacy-policy,https://onlinemuziekcursus.nl/privacy-policy/,200,Privacy policy - Online Muziek Cursus,Privacy policy,https://onlinemuziekcursus.nl/privacy-policy/,"index, follow",,2,355
solfege-gehoortraining,https://onlinemuziekcursus.nl/solfege-gehoortraining/,200,Solfege / gehoortraining - OnlineMuziekCursus.nl,Solfege/gehoortraining - Als muzikant is je gehoor onwijs belangrijk: daar gaan wij in deze cursus aan werken! Kijk snel voor meer info,https://onlinemuziekcursus.nl/solfege-gehoortraining/,"index, follow","Solfege / gehoortraining, verbeter je gehoor en je kennis over muziek",10,338
ukelele-les,https://onlinemuziekcursus.nl/ukelele-les/,200,Ukelele les - OnlineMuziekCursus.nl,Dankzij onze gedreven docenten volg je met plezier ukelele les. Je leert stapsgewijs hoe je het instrument bespeelt. Bestel de cursus en begin meteen.,https://onlinemuziekcursus.nl/ukelele-les/,"index, follow",Ukelele leren spelen wanneer het jou uitkomt?,26,1312
ukelele,https://onlinemuziekcursus.nl/ukelele/,200,Ukelele,,https://onlinemuziekcursus.nl/ukelele/,"index,follow",Ukelele,2,54
zangles,https://onlinemuziekcursus.nl/zangles/,200,Zanglessen voor beginners | Online Muziek Cursus,"Volg online zanglessen voor beginners en leer technieken als de juiste houding, ademhaling en meer. Bestel deze cursus en verbeter je zangstem.",https://onlinemuziekcursus.nl/zangles/,"index, follow",Leren zingen wanneer het jou uitkomt?,27,1602
zingen,https://onlinemuziekcursus.nl/zingen/,200,Zangles,,https://onlinemuziekcursus.nl/zingen/,"index,follow",Zangles,2,132
